time/total_timesteps,time/time_elapsed,time/fps,time/iterations,train/clip_fraction,train/n_updates,train/policy_gradient_loss,train/loss,train/std,train/entropy_loss,train/learning_rate,train/approx_kl,train/clip_range,train/explained_variance,train/value_loss
2048,1,1623,1,,,,,,,,,,,
4096,2,1449,2,0.01953125,10,-0.0028774370483006352,0.23043861985206604,0.9924376010894775,-2.83144034743309,0.0003,0.0053406917,0.2,0.13222402334213257,0.4486974265426397
6144,4,1413,3,0.00283203125,20,-0.0024307455867528917,0.04418698698282242,0.992602527141571,-2.822525438666344,0.0003,0.002476608,0.2,-0.20206546783447266,0.5082843591459095
8192,5,1389,4,0.035400390625,30,-0.00440625304763671,0.19802777469158173,0.9910967350006104,-2.821232998371124,0.0003,0.0057464093,0.2,0.2710866928100586,0.4957700061611831
10240,7,1376,5,0.01767578125,40,-0.0029326722549740227,0.31376445293426514,0.9924162030220032,-2.821337249875069,0.0003,0.006307018,0.2,0.36386972665786743,0.7769655458629131
12288,8,1368,6,0.0267578125,50,-0.004179471146198921,0.5362725257873535,0.9939961433410645,-2.823354533314705,0.0003,0.006255714,0.2,0.14643579721450806,1.5694417022168636
14336,10,1364,7,0.04951171875,60,-0.003634977521141991,0.9259980916976929,0.9969819784164429,-2.8287605226039885,0.0003,0.0069530066,0.2,0.20218795537948608,1.6841383121907711
16384,12,1358,8,0.027978515625,70,-0.00469013860274572,1.1114548444747925,0.9984714984893799,-2.8332211464643478,0.0003,0.0055601215,0.2,0.3274632692337036,2.205375100672245
18432,13,1357,9,0.026611328125,80,-0.005625149409752339,0.7080469131469727,1.0037956237792969,-2.8384294897317885,0.0003,0.0039137304,0.2,0.5498936772346497,1.4253018762916327
20480,15,1355,10,0.0259765625,90,-0.0038251936406595633,0.3857380747795105,1.0052660703659058,-2.847512298822403,0.0003,0.0054205693,0.2,0.23558831214904785,1.9088376373052598
22528,16,1353,11,0.004541015625,100,-0.0026373613538453354,1.2825864553451538,1.0058107376098633,-2.848204916715622,0.0003,0.0023742828,0.2,0.25247281789779663,2.225517365336418
24576,18,1347,12,0.062939453125,110,-0.00570476027787663,0.6540845036506653,1.0090675354003906,-2.85203874707222,0.0003,0.006186953,0.2,0.35419076681137085,1.459547521173954
26624,19,1347,13,0.051318359375,120,-0.006830863456707447,1.402616262435913,1.0105167627334595,-2.8571649312973024,0.0003,0.005035118,0.2,0.25898492336273193,2.4327748484909533
28672,21,1346,14,0.043408203125,130,-0.005137010959151667,0.2559390366077423,1.0125470161437988,-2.8604729026556015,0.0003,0.006313804,0.2,0.6196743845939636,0.6867360103875398
30720,22,1344,15,0.045166015625,140,-0.005756540194852278,1.2049133777618408,1.011739730834961,-2.86237114071846,0.0003,0.0063299523,0.2,0.38714635372161865,2.7411821112036705
32768,24,1343,16,0.02978515625,150,-0.006170198268955573,1.5809135437011719,1.011289119720459,-2.860037997364998,0.0003,0.006135093,0.2,0.3983466625213623,2.4528434351086617
34816,25,1343,17,0.041455078125,160,-0.005138724410790019,0.49303293228149414,1.0162487030029297,-2.8646476417779922,0.0003,0.0071517983,0.2,0.7439236640930176,0.9473142720758915
36864,27,1342,18,0.01572265625,170,-0.003277722230996005,0.40871837735176086,1.0130828619003296,-2.868155151605606,0.0003,0.0051042167,0.2,0.5797681212425232,1.540004874765873
38912,29,1341,19,0.035546875,180,-0.005226519747520797,1.276752233505249,1.0142261981964111,-2.8640212774276734,0.0003,0.0060373787,0.2,0.2324184775352478,4.066685622930526
40960,30,1341,20,0.059326171875,190,-0.007015186050557532,1.094281554222107,1.0161211490631104,-2.8674801737070084,0.0003,0.0064263595,0.2,0.6887269616127014,3.04614794254303
43008,32,1340,21,0.029248046875,200,-0.006421890936326236,1.3508331775665283,1.017102837562561,-2.870447191596031,0.0003,0.005548293,0.2,0.4569137692451477,2.665071766078472
45056,33,1338,22,0.027783203125,210,-0.0027124867949169127,0.488541841506958,1.015537142753601,-2.87090165913105,0.0003,0.0024418612,0.2,0.6927112340927124,1.3618449177592993
47104,35,1338,23,0.004638671875,220,-0.002528167855052743,2.063020944595337,1.0120303630828857,-2.8656103730201723,0.0003,0.0029856362,0.2,0.5072412490844727,4.738345068693161
49152,36,1339,24,0.001953125,230,-0.0020984219445381314,1.2670410871505737,1.0133196115493774,-2.8624948650598525,0.0003,0.002573803,0.2,0.6650829315185547,3.4357050880789757
51200,38,1334,25,0.017822265625,240,-0.003928781284776051,0.5789053440093994,1.012680172920227,-2.8640913665294647,0.0003,0.0049382364,0.2,0.7826361060142517,2.127627593278885
53248,39,1335,26,0.059326171875,250,-0.00741556168650277,0.4845637083053589,1.0121554136276245,-2.862999674677849,0.0003,0.0074454057,0.2,0.9105843901634216,1.3560958616435528
55296,41,1336,27,0.004833984375,260,-0.0035660011461004617,1.1234313249588013,1.0141825675964355,-2.863764277100563,0.0003,0.0026079137,0.2,0.7864247560501099,2.4637531325221063
57344,42,1335,28,0.026025390625,270,-0.00596326879967819,1.758957028388977,1.016546368598938,-2.8680784583091734,0.0003,0.0065961936,0.2,0.78670734167099,3.9813311755657197
59392,44,1333,29,0.01201171875,280,-0.002573340942035429,0.5758844017982483,1.0129203796386719,-2.868588826060295,0.0003,0.004504798,0.2,0.8748701810836792,1.614713566750288
61440,46,1333,30,0.025244140625,290,-0.0044141026883153245,0.20387227833271027,1.0115222930908203,-2.8625645518302916,0.0003,0.004178185,0.2,0.919965386390686,0.8161568958312273
63488,47,1333,31,0.013916015625,300,-0.004225966680678539,0.6374911069869995,1.0128756761550903,-2.861270746588707,0.0003,0.0044535086,0.2,0.8457740545272827,2.60369593501091
65536,49,1332,32,0.009716796875,310,-0.0038205854725674726,0.9109185338020325,1.0162429809570312,-2.866154843568802,0.0003,0.0028091082,0.2,0.7334056496620178,3.596904954314232
67584,50,1332,33,0.060302734375,320,-0.006978224852355197,0.8773442506790161,1.0204854011535645,-2.8737382113933565,0.0003,0.0077689425,0.2,0.9031217098236084,1.6067135781049728
69632,52,1332,34,0.050048828125,330,-0.006309258917463012,0.46905046701431274,1.018247127532959,-2.8766347229480744,0.0003,0.0073277475,0.2,0.9161805510520935,0.9915104679763317
71680,53,1332,35,0.0291015625,340,-0.0059487174788955596,0.6750116348266602,1.016556739807129,-2.8726411402225493,0.0003,0.005069053,0.2,0.8752653002738953,2.2945378318428995
73728,55,1333,36,0.008349609375,350,-0.0036916913246386684,2.199061155319214,1.0181591510772705,-2.871157330274582,0.0003,0.0036811188,0.2,0.7429016828536987,6.769278267025948
75776,56,1333,37,0.00556640625,360,-0.0023781729803886266,1.3579996824264526,1.0189225673675537,-2.874728688597679,0.0003,0.002437748,0.2,0.6469708681106567,4.597096875309944
77824,58,1333,38,0.04130859375,370,-0.004550276133522857,0.7169449329376221,1.0227043628692627,-2.878335726261139,0.0003,0.0056469254,0.2,0.6804525852203369,1.9857023634016513
79872,59,1332,39,0.039404296875,380,-0.004397541540674866,0.35260292887687683,1.0291948318481445,-2.8880618155002593,0.0003,0.0071192356,0.2,0.8739606142044067,1.1994787380099297
81920,61,1332,40,0.079833984375,390,-0.00880509081762284,0.11931784451007843,1.029327392578125,-2.896475699543953,0.0003,0.011165027,0.2,0.8698465824127197,0.3809394218027592
83968,62,1333,41,0.02021484375,400,-0.004364059551153332,1.1143932342529297,1.0265421867370605,-2.893744558095932,0.0003,0.0046426393,0.2,0.6542861461639404,3.038946832716465
86016,64,1333,42,0.060205078125,410,-0.00651154562656302,1.0526436567306519,1.0238840579986572,-2.887934333086014,0.0003,0.008570937,0.2,0.6705138683319092,3.730690160393715
88064,66,1332,43,0.0515625,420,-0.00752576093073003,0.5344232320785522,1.0296368598937988,-2.8892305910587313,0.0003,0.00867627,0.2,0.5724961757659912,2.994853103160858
90112,67,1333,44,0.01640625,430,-0.0035388717020396142,0.3645225465297699,1.0289270877838135,-2.8961045533418655,0.0003,0.0042293887,0.2,0.4680004119873047,2.0658214174211027
92160,69,1333,45,0.053076171875,440,-0.005788246463635005,1.0626444816589355,1.0270440578460693,-2.893991655111313,0.0003,0.0069375588,0.2,0.7746722102165222,2.1693596474826338
94208,70,1332,46,0.047900390625,450,-0.004790306687937118,0.5087956786155701,1.0229387283325195,-2.887745279073715,0.0003,0.005254376,0.2,0.6211428642272949,2.072494511306286
96256,72,1332,47,0.033154296875,460,-0.0036922876723110678,1.5643553733825684,1.0225539207458496,-2.8830606549978257,0.0003,0.0072310157,0.2,0.46708834171295166,4.737462244927883
98304,73,1332,48,0.077001953125,470,-0.009430080637685023,0.33152639865875244,1.0161585807800293,-2.877143132686615,0.0003,0.010555569,0.2,0.8369706869125366,1.121856164187193
100352,75,1332,49,0.029931640625,480,-0.0051905591710237784,0.5098645687103271,1.0061239004135132,-2.861867442727089,0.0003,0.004892879,0.2,0.8617932796478271,1.21508436948061
102400,76,1332,50,0.068212890625,490,-0.00429166090907529,0.6395410895347595,1.005378007888794,-2.8464155226945875,0.0003,0.0062143346,0.2,0.4745742678642273,2.8346676655113696
104448,78,1332,51,0.029052734375,500,-0.005451344794710167,1.6392395496368408,1.0070364475250244,-2.8502683252096177,0.0003,0.00501798,0.2,0.653697669506073,4.303217872977257
106496,79,1332,52,0.053369140625,510,-0.005472847877535969,0.6813222169876099,1.0024051666259766,-2.8479075223207473,0.0003,0.0060364353,0.2,0.5860518217086792,2.2960245281457903
108544,81,1332,53,0.018017578125,520,-0.001939170942932833,0.5817084312438965,1.00484299659729,-2.8438435196876526,0.0003,0.0046490156,0.2,0.8435629606246948,1.921078622341156
110592,83,1332,54,0.0173828125,530,-0.004646785068325698,0.6944194436073303,1.006828784942627,-2.849919492006302,0.0003,0.005301793,0.2,0.8393372297286987,1.7646756559610366
112640,84,1332,55,0.048486328125,540,-0.005233434983529151,0.8840314745903015,1.0053348541259766,-2.850676828622818,0.0003,0.005569713,0.2,0.705413818359375,2.7300493001937864
114688,86,1331,56,0.094921875,550,-0.010141616500914098,0.2007754147052765,1.0062435865402222,-2.8491544514894485,0.0003,0.009768848,0.2,0.8879430294036865,0.9377051066607237
116736,87,1332,57,0.05048828125,560,-0.006345432947273366,0.1378922015428543,1.0036838054656982,-2.8484999358654024,0.0003,0.005095206,0.2,0.9405791163444519,0.7651014711707831
118784,89,1331,58,0.0333984375,570,-0.0034280840744031595,0.5759397149085999,1.0067615509033203,-2.8476940363645555,0.0003,0.005183617,0.2,0.8203139305114746,1.7031534664332866
120832,90,1331,59,0.029638671875,580,-0.005943171813851222,0.13295209407806396,1.0013747215270996,-2.848713332414627,0.0003,0.0055203247,0.2,0.9546741843223572,0.4535928837954998
122880,92,1331,60,0.01591796875,590,-0.002841473734588362,0.219427689909935,0.9991814494132996,-2.8378779590129852,0.0003,0.0040067816,0.2,0.9530384540557861,0.9041549582034349
124928,93,1331,61,0.0248046875,600,-0.004323109152028337,0.39178505539894104,0.9990392923355103,-2.83586799800396,0.0003,0.0053804787,0.2,0.8788255453109741,1.0298602029681205
126976,95,1331,62,0.04072265625,610,-0.00786091526679229,0.3249278664588928,0.9882252216339111,-2.8274209856987,0.0003,0.0057552783,0.2,0.8894342184066772,0.8771555848419667
129024,96,1331,63,0.0396484375,620,-0.005283075696206651,0.132066547870636,0.9817125201225281,-2.807658612728119,0.0003,0.005775862,0.2,0.9729421138763428,0.41945219282060864
131072,98,1331,64,0.019873046875,630,-0.002811859210487455,0.28120315074920654,0.9831522703170776,-2.800317797064781,0.0003,0.004904716,0.2,0.9189910292625427,1.2079541124403477
133120,100,1331,65,0.008447265625,640,-0.0029266606150486043,0.47007307410240173,0.9854080677032471,-2.8068126440048218,0.0003,0.002971931,0.2,0.8977198600769043,1.6952841438353061
135168,101,1330,66,0.0373046875,650,-0.003997897199587897,0.6353572010993958,0.9848573207855225,-2.808843332529068,0.0003,0.0061339764,0.2,0.8152997493743896,2.046853245794773
137216,103,1330,67,0.03037109375,660,-0.00727174076018855,0.21957553923130035,0.9813876152038574,-2.8043098539113998,0.0003,0.0044741193,0.2,0.8581337332725525,0.716414351761341
139264,104,1330,68,0.016357421875,670,-0.005506894912105054,1.0130571126937866,0.9812743067741394,-2.7995952695608137,0.0003,0.0036743633,0.2,0.8712207674980164,2.271675097942352
141312,106,1330,69,0.02998046875,680,-0.0043957281770417465,0.545481264591217,0.9790717363357544,-2.7986648052930834,0.0003,0.0057860157,0.2,0.9242655634880066,1.7859535560011863
143360,107,1331,70,0.050927734375,690,-0.004848089630831965,0.038185179233551025,0.9690061807632446,-2.7868731290102007,0.0003,0.008243548,0.2,0.9537400007247925,0.1892558539286256
145408,109,1330,71,0.04267578125,700,-0.0044247624871786686,0.992124080657959,0.9643738269805908,-2.7705778241157533,0.0003,0.0052478155,0.2,0.8563154339790344,3.1654187023639677
147456,110,1331,72,0.05068359375,710,-0.007918490329757333,0.7977085709571838,0.9623558521270752,-2.7636454463005067,0.0003,0.007152966,0.2,0.8445472717285156,2.002373268455267
149504,112,1330,73,0.04453125,720,-0.005625423401943408,1.4480280876159668,0.9653165340423584,-2.763026237487793,0.0003,0.006425485,0.2,0.6318434476852417,2.7442269921302795
151552,113,1330,74,0.0623046875,730,-0.006693011237075552,0.26940762996673584,0.9642549753189087,-2.7658089071512224,0.0003,0.0057788575,0.2,0.6821410655975342,1.7369586125016212
153600,115,1331,75,0.032080078125,740,-0.005722355769830756,0.4075891971588135,0.9693365097045898,-2.767546018958092,0.0003,0.004684176,0.2,0.9086564183235168,0.9923866104334593
155648,116,1330,76,0.034765625,750,-0.005204161009169183,0.41995561122894287,0.970110297203064,-2.777000203728676,0.0003,0.006886787,0.2,0.7699183225631714,1.2974973011761903
157696,118,1331,77,0.046630859375,760,-0.003691072156652808,0.8556169271469116,0.9671165943145752,-2.7736444383859635,0.0003,0.0059772492,0.2,0.9193361401557922,1.676362655311823
159744,119,1331,78,0.04189453125,770,-0.005555960108176805,0.3212132453918457,0.9622222185134888,-2.765563261508942,0.0003,0.006014011,0.2,0.924842357635498,0.9008475568145513
161792,121,1331,79,0.061669921875,780,-0.00702180769003462,0.4474898874759674,0.9647290706634521,-2.7623276591300963,0.0003,0.0074725607,0.2,0.9147319197654724,1.4591956809163094
163840,123,1330,80,0.029052734375,790,-0.0052882170915836465,1.690209984779358,0.9661130905151367,-2.766364645957947,0.0003,0.005083562,0.2,0.6783977746963501,5.356353712081909
165888,124,1330,81,0.035546875,800,-0.007785480981692672,1.333846926689148,0.9687247276306152,-2.7703939378261566,0.0003,0.0038545695,0.2,0.7404088377952576,3.595356801152229
167936,126,1331,82,0.0248046875,810,-0.005050569993909448,0.3865055441856384,0.9727781414985657,-2.7768009513616563,0.0003,0.0054325177,0.2,0.8733559250831604,1.6818275786936283
169984,127,1330,83,0.024609375,820,-0.0037186535308137538,0.38342273235321045,0.9687402248382568,-2.7794608950614927,0.0003,0.0037741996,0.2,0.8125845193862915,1.112693376094103
172032,129,1331,84,0.020849609375,830,-0.0036477223737165334,1.5258268117904663,0.9665334224700928,-2.770073315501213,0.0003,0.0052681454,0.2,0.7985594868659973,3.024116567522287
174080,130,1331,85,0.054248046875,840,-0.005111638136440888,0.4205203652381897,0.96567702293396,-2.7676951378583907,0.0003,0.0067081247,0.2,0.9269688129425049,0.9514869630336762
176128,132,1330,86,0.057861328125,850,-0.00688283342460636,0.3157674968242645,0.9555943608283997,-2.7578592777252195,0.0003,0.006838208,0.2,0.9024699926376343,0.7291704900562763
178176,133,1330,87,0.02568359375,860,-0.0050239637203048915,0.09416177123785019,0.9470536112785339,-2.7379724860191343,0.0003,0.004093022,0.2,0.8884775638580322,0.5075913531705737
180224,135,1330,88,0.055908203125,870,-0.00713078114495147,0.5237166285514832,0.9470728635787964,-2.7259008318185804,0.0003,0.0056709,0.2,0.8719818592071533,1.1326474145054817
182272,136,1331,89,0.0853515625,880,-0.009397243318380788,0.4718867540359497,0.9434729218482971,-2.7244980961084364,0.0003,0.009633711,0.2,0.9616114497184753,1.0807946242392064
184320,138,1330,90,0.040283203125,890,-0.006635204779740889,0.3199072480201721,0.9437736868858337,-2.718562278151512,0.0003,0.0053010397,0.2,0.9463217258453369,1.3114855647087098
186368,140,1330,91,0.067236328125,900,-0.007294215806177817,0.435857355594635,0.9404305815696716,-2.716950848698616,0.0003,0.0071501695,0.2,0.8755356073379517,1.1189454585313796
188416,141,1330,92,0.059033203125,910,-0.008286566140304786,0.23070882260799408,0.9422401189804077,-2.7145066767930985,0.0003,0.008343745,0.2,0.9596217274665833,0.7241484716534614
190464,143,1330,93,0.029736328125,920,-0.003862855344777927,0.4760971665382385,0.944916844367981,-2.7188619047403337,0.0003,0.005897035,0.2,0.8837570548057556,1.573141846060753
192512,144,1330,94,0.02529296875,930,-0.004831388470483944,0.3694060444831848,0.9448339939117432,-2.7204902112483977,0.0003,0.0053594504,0.2,0.8808859586715698,1.5107742749154567
194560,146,1330,95,0.0310546875,940,-0.006286599638406188,0.9158260822296143,0.9487155079841614,-2.723896822333336,0.0003,0.006724273,0.2,0.79197096824646,2.418032255768776
196608,147,1330,96,0.02470703125,950,-0.004087657539639622,3.493899345397949,0.949329137802124,-2.7294785171747207,0.0003,0.0057679918,0.2,0.5761374235153198,6.970223379135132
198656,149,1330,97,0.056640625,960,-0.008346696756780148,0.3751833736896515,0.9531397819519043,-2.732900094985962,0.0003,0.0071658297,0.2,0.6566176414489746,1.7708690024912357
200704,150,1330,98,0.0341796875,970,-0.003952457173727453,0.19847065210342407,0.9482656717300415,-2.734665760397911,0.0003,0.0040362356,0.2,0.963840126991272,0.6470801956951618
202752,152,1330,99,0.052490234375,980,-0.00789936268265592,2.0324296951293945,0.949852466583252,-2.7272199928760528,0.0003,0.006337735,0.2,0.6713500022888184,3.360186459124088
204800,153,1330,100,0.0515625,990,-0.007079611264634878,0.09980686008930206,0.9357237219810486,-2.7161304265260697,0.0003,0.0051885825,0.2,0.9633697271347046,0.3392518812790513
206848,155,1330,101,0.0904296875,1000,-0.008295564237050712,0.1744239330291748,0.9340876340866089,-2.697104024887085,0.0003,0.010385913,0.2,0.9213257431983948,0.526777165569365
208896,156,1330,102,0.049609375,1010,-0.004151959338923916,0.4041494131088257,0.9347840547561646,-2.69568852186203,0.0003,0.0064048218,0.2,0.8746926188468933,1.4217539392411709
210944,158,1330,103,0.042578125,1020,-0.0050775005845935086,0.11503321677446365,0.9310319423675537,-2.6926564395427706,0.0003,0.0060962113,0.2,0.9810510277748108,0.303934114985168
212992,160,1330,104,0.034326171875,1030,-0.0043130733218276875,1.9753000736236572,0.928321123123169,-2.6834139436483384,0.0003,0.0066181077,0.2,0.8462581634521484,3.3592322021722794
215040,161,1330,105,0.026953125,1040,-0.0031481818383326753,0.6678787469863892,0.9272482395172119,-2.679650092124939,0.0003,0.004455766,0.2,0.8336692452430725,1.9220250837504864
217088,163,1330,106,0.03681640625,1050,-0.004946534268674441,0.4493967592716217,0.9254369735717773,-2.6775041610002517,0.0003,0.005738454,0.2,0.8424952626228333,1.4305901810526849
219136,164,1330,107,0.033642578125,1060,-0.004785001208074391,0.23239488899707794,0.9272981286048889,-2.6762196689844133,0.0003,0.0059835594,0.2,0.8468568325042725,1.5606623485684394
221184,166,1330,108,0.06318359375,1070,-0.005018276537884958,0.1446070522069931,0.9262204170227051,-2.678837534785271,0.0003,0.006261917,0.2,0.9200764298439026,0.585642759501934
223232,167,1330,109,0.062109375,1080,-0.005510777194285765,0.13933563232421875,0.9207817316055298,-2.6707132756710052,0.0003,0.005186703,0.2,0.9009511470794678,0.6951723918318748
225280,169,1330,110,0.035302734375,1090,-0.0029391972173471006,0.39876800775527954,0.9211450219154358,-2.664578679203987,0.0003,0.005772213,0.2,0.8977446556091309,1.0248490929603578
227328,170,1330,111,0.058251953125,1100,-0.007001677106018178,0.2591339945793152,0.9253257513046265,-2.670378378033638,0.0003,0.009117957,0.2,0.9474994540214539,0.47163511645048856
229376,172,1330,112,0.0513671875,1110,-0.006954559666337445,0.10210806131362915,0.9209742546081543,-2.6714018404483797,0.0003,0.007409285,0.2,0.8974569439888,0.42407724242657424
231424,173,1330,113,0.04208984375,1120,-0.006966322619700804,0.2209741324186325,0.9224294424057007,-2.666007074713707,0.0003,0.006325111,0.2,0.9228348731994629,0.6612760297954082
233472,175,1330,114,0.018359375,1130,-0.0032784497016109526,0.8446241021156311,0.9229963421821594,-2.6707123070955276,0.0003,0.0036304682,0.2,0.748388409614563,1.535839480534196
235520,176,1330,115,0.015625,1140,-0.0024607073049992324,0.24776490032672882,0.9248825311660767,-2.6715815514326096,0.0003,0.0040422203,0.2,0.9133443236351013,1.093707949668169
237568,178,1331,116,0.054443359375,1150,-0.009677387127885595,1.4680386781692505,0.9238100647926331,-2.6754140198230743,0.0003,0.0071111354,0.2,0.7831248044967651,3.0763895764946936
239616,180,1330,117,0.0234375,1160,-0.004123866016743705,0.8523662686347961,0.9217016696929932,-2.671485495567322,0.0003,0.004200018,0.2,0.8933905959129333,1.878339384496212
241664,181,1331,118,0.028759765625,1170,-0.003501221997430548,1.1761374473571777,0.9219503402709961,-2.6681990921497345,0.0003,0.0044121863,0.2,0.8596799969673157,3.9795808106660844
243712,183,1331,119,0.09111328125,1180,-0.009141451749019324,0.08155856281518936,0.9189693927764893,-2.6665175199508666,0.0003,0.008991523,0.2,0.9129918813705444,0.4220672773197293
245760,184,1331,120,0.06279296875,1190,-0.007361698916065506,0.14188754558563232,0.9152199625968933,-2.6571859300136564,0.0003,0.005915954,0.2,0.9242938160896301,0.5411268420517444
247808,186,1331,121,0.066259765625,1200,-0.006656011959421448,0.4332526624202728,0.9088387489318848,-2.64769903421402,0.0003,0.0079614,0.2,0.9209657311439514,1.3943085253238678
249856,187,1331,122,0.037158203125,1210,-0.005083690251922235,0.16433462500572205,0.9062355756759644,-2.636202570796013,0.0003,0.005810873,0.2,0.9227621555328369,0.6702639326453209
251904,189,1331,123,0.023046875,1220,-0.0027153098024427893,0.739021897315979,0.9034926891326904,-2.6312972605228424,0.0003,0.0042906697,0.2,0.8240047097206116,1.8899654790759086
253952,190,1331,124,0.050830078125,1230,-0.005202313343761489,0.4554315507411957,0.9015986919403076,-2.623444530367851,0.0003,0.009222865,0.2,0.6304367780685425,1.2425834253430366
256000,192,1331,125,0.03837890625,1240,-0.005452835373580456,0.5718263387680054,0.9017363786697388,-2.6192942202091216,0.0003,0.0042484053,0.2,0.8876683712005615,1.6600912511348724
258048,193,1331,126,0.0240234375,1250,-0.004518031340558082,0.8841181993484497,0.9052392244338989,-2.6231935650110243,0.0003,0.0039397897,0.2,0.6828652620315552,2.770703634619713
260096,195,1330,127,0.027490234375,1260,-0.005571696418337524,0.4102240204811096,0.904866099357605,-2.627327448129654,0.0003,0.00407403,0.2,0.8395187258720398,1.548465658724308
262144,196,1331,128,0.041845703125,1270,-0.007147831033216789,0.6528950929641724,0.9010605812072754,-2.623109221458435,0.0003,0.00748205,0.2,0.7731941938400269,2.3665177538990974
264192,198,1331,129,0.063427734375,1280,-0.005248285856214352,0.2865271270275116,0.8984589576721191,-2.6138635128736496,0.0003,0.0067017684,0.2,0.9411513209342957,0.3956314198672771
266240,199,1331,130,0.030810546875,1290,-0.005130355444271118,0.18376940488815308,0.8926863670349121,-2.606460431218147,0.0003,0.004715159,0.2,0.8358399868011475,0.9011571917682886
268288,201,1331,131,0.034130859375,1300,-0.004070447431877256,2.113189697265625,0.8858509063720703,-2.591447260975838,0.0003,0.0068006893,0.2,0.4694153070449829,4.225863169133663
270336,203,1331,132,0.0552734375,1310,-0.006288268181378953,0.20174197852611542,0.8840872049331665,-2.580581557750702,0.0003,0.0054825544,0.2,0.6073499321937561,0.9999030593782663
272384,204,1331,133,0.038330078125,1320,-0.005850459876819513,0.29581186175346375,0.882326602935791,-2.577571374177933,0.0003,0.005035079,0.2,0.860085666179657,0.9545148059725761
274432,206,1331,134,0.03154296875,1330,-0.00395480921579292,0.4132925570011139,0.8808316588401794,-2.572469186782837,0.0003,0.004307519,0.2,0.6701916456222534,2.2187520384788515
276480,207,1331,135,0.047607421875,1340,-0.005767382818157784,0.9763457775115967,0.8805319666862488,-2.5709950596094133,0.0003,0.007684359,0.2,0.7958499193191528,3.1121933653950693
278528,209,1331,136,0.021533203125,1350,-0.0037096400163136424,0.21627280116081238,0.8740121126174927,-2.565649962425232,0.0003,0.0034405245,0.2,0.850029468536377,0.7062398735433817
280576,210,1331,137,0.041943359375,1360,-0.0050787791784387085,0.2621311843395233,0.8750531673431396,-2.5537903368473054,0.0003,0.0055371523,0.2,0.9193858504295349,1.0729550871998073
282624,212,1331,138,0.034228515625,1370,-0.0041354964952915905,0.25888118147850037,0.8721868395805359,-2.55515341758728,0.0003,0.0041796146,0.2,0.9151524305343628,0.8824485994875431
284672,213,1331,139,0.029345703125,1380,-0.004350512195378542,0.18928076326847076,0.8766505718231201,-2.5547890305519103,0.0003,0.0064884294,0.2,0.9648154973983765,0.523755295202136
286720,215,1331,140,0.071484375,1390,-0.006948937123524956,0.09243302047252655,0.8816123008728027,-2.565589573979378,0.0003,0.010444431,0.2,0.9507482051849365,0.3952080557122827
288768,216,1331,141,0.089013671875,1400,-0.00836603789939545,2.0431900024414062,0.8837850093841553,-2.5738912373781204,0.0003,0.0072109657,0.2,0.7436199188232422,6.145606327056885
290816,218,1331,142,0.0283203125,1410,-0.003541740420041606,0.6720581650733948,0.8830581307411194,-2.5750748604536056,0.0003,0.004546916,0.2,0.7606598734855652,2.956100434064865
292864,220,1331,143,0.06484375,1420,-0.0069969113625120375,0.33220311999320984,0.8791801333427429,-2.571294131875038,0.0003,0.00883019,0.2,0.9113969206809998,1.0427869014441966
294912,221,1331,144,0.047216796875,1430,-0.005726958700688556,0.4687866270542145,0.8759505748748779,-2.5633483827114105,0.0003,0.0054199407,0.2,0.8207509517669678,1.247431668639183
296960,223,1331,145,0.03369140625,1440,-0.006329878745600581,0.7660080790519714,0.8733186721801758,-2.5555539816617965,0.0003,0.0057567963,0.2,0.8272807598114014,2.251711831986904
299008,224,1331,146,0.051025390625,1450,-0.004849912320787552,1.728542685508728,0.8728909492492676,-2.552330878376961,0.0003,0.004036658,0.2,0.8284722566604614,3.1722422033548354
301056,226,1330,147,0.02080078125,1460,-0.0027212637854972855,2.5731871128082275,0.8724366426467896,-2.5518790245056153,0.0003,0.004443342,0.2,0.7076290249824524,4.857213801145553
303104,227,1331,148,0.034716796875,1470,-0.006679210771108046,0.6909453868865967,0.8711972236633301,-2.5503470480442045,0.0003,0.0047819787,0.2,0.7874168157577515,2.107565388455987
305152,229,1331,149,0.032958984375,1480,-0.006027741119032726,2.151904582977295,0.8718364238739014,-2.5495599299669265,0.0003,0.004837018,0.2,0.7323371171951294,4.680324438214302
307200,230,1331,150,0.037744140625,1490,-0.004783280765695963,1.2053413391113281,0.8702621459960938,-2.5482487946748735,0.0003,0.006265994,0.2,0.7875563502311707,3.3115651339292524
309248,232,1330,151,0.07822265625,1500,-0.008494345052167774,0.5411827564239502,0.8693654537200928,-2.543835061788559,0.0003,0.007001665,0.2,0.8092862963676453,2.208057586848736
311296,233,1330,152,0.077978515625,1510,-0.008490839769365266,0.6470606923103333,0.8701978921890259,-2.5437938421964645,0.0003,0.010147735,0.2,0.9274414777755737,1.8389956533908844
313344,235,1330,153,0.048095703125,1520,-0.006296675026533194,0.4861396849155426,0.8675771951675415,-2.541385981440544,0.0003,0.0060202326,0.2,0.571925163269043,2.489615660905838
315392,237,1330,154,0.030712890625,1530,-0.004247221283731051,0.8077619075775146,0.8636610507965088,-2.534816014766693,0.0003,0.004093938,0.2,0.38015925884246826,2.620866958796978
317440,238,1330,155,0.029931640625,1540,-0.0036751912208274006,2.3842077255249023,0.8600802421569824,-2.5252776384353637,0.0003,0.0051867515,0.2,0.6101534366607666,5.759951081871987
319488,240,1328,156,0.0318359375,1550,-0.004989014469902031,1.0486892461776733,0.8629363775253296,-2.5230800449848174,0.0003,0.0051109483,0.2,0.5832434892654419,3.655925539135933
321536,242,1327,157,0.055908203125,1560,-0.00312492189113982,0.7175634503364563,0.8702976703643799,-2.5323649078607557,0.0003,0.00782295,0.2,0.4942646622657776,2.867173920571804
323584,243,1327,158,0.0998046875,1570,-0.01255285349325277,0.2029385268688202,0.8675147294998169,-2.5413806647062303,0.0003,0.012652583,0.2,0.6837129592895508,1.099229684099555
325632,245,1327,159,0.031103515625,1580,-0.004063142545055598,0.8234262466430664,0.8706051111221313,-2.5367275029420853,0.0003,0.005193279,0.2,0.6887469291687012,4.008279499411583
327680,246,1327,160,0.0662109375,1590,-0.006380573436035775,0.16555556654930115,0.875853419303894,-2.5458281368017195,0.0003,0.007982972,0.2,0.8729972243309021,0.7366875555366278
329728,248,1327,161,0.04775390625,1600,-0.004885157133685425,0.3521483242511749,0.8738131523132324,-2.5505635499954225,0.0003,0.00835739,0.2,0.8866981863975525,1.2659367464482785
331776,249,1327,162,0.049755859375,1610,-0.006401525449473411,0.3752559721469879,0.8691887855529785,-2.540642201900482,0.0003,0.006846905,0.2,0.5930612683296204,1.193690050393343
333824,251,1327,163,0.048388671875,1620,-0.002693516411818564,0.6817987561225891,0.8637468814849854,-2.5269531071186067,0.0003,0.0047390023,0.2,0.7411363124847412,2.6534902684390547
335872,252,1327,164,0.042626953125,1630,-0.005586775217670948,0.2686934769153595,0.8660178184509277,-2.51837300658226,0.0003,0.006220956,0.2,0.8437089920043945,1.4034761942923069
337920,254,1327,165,0.05712890625,1640,-0.005907343939179554,0.15016590058803558,0.8582265377044678,-2.515510392189026,0.0003,0.0060311966,0.2,0.8434020280838013,0.528003565594554
339968,255,1328,166,0.03896484375,1650,-0.0059293027821695436,0.3492887318134308,0.8561440706253052,-2.5006187111139297,0.0003,0.00529328,0.2,-0.05960977077484131,1.8387369528412818
342016,257,1328,167,0.039404296875,1660,-0.0031675937498221174,0.6837924122810364,0.8611279726028442,-2.5021177172660827,0.0003,0.0054522734,0.2,0.5112817883491516,2.7330446228384973
344064,259,1328,168,0.0318359375,1670,-0.00601570003782399,0.7847574353218079,0.8681088089942932,-2.51574587225914,0.0003,0.005252544,0.2,0.46437180042266846,4.521600703895092
346112,260,1328,169,0.044091796875,1680,-0.004466910401242785,2.2452564239501953,0.8695513010025024,-2.5254255712032316,0.0003,0.0054482594,0.2,0.7312486171722412,3.4972983464598655
348160,262,1328,170,0.052978515625,1690,-0.005870333104394376,0.31071737408638,0.8673145771026611,-2.525281995534897,0.0003,0.0073214695,0.2,0.8931598663330078,0.9165991485118866
350208,263,1328,171,0.065771484375,1700,-0.006100219441577792,0.21071168780326843,0.8682959079742432,-2.5215864032506943,0.0003,0.0061579533,0.2,0.8517288565635681,0.7260209772735834
352256,265,1328,172,0.03359375,1710,-0.002586021667229943,0.3566707968711853,0.8645243048667908,-2.5171108812093737,0.0003,0.0040051024,0.2,0.6533503532409668,1.4138173256069422
354304,266,1328,173,0.0498046875,1720,-0.005714574706507847,0.6592746376991272,0.8624294996261597,-2.507627484202385,0.0003,0.007502554,0.2,0.9020310640335083,1.4823818877339363
356352,268,1328,174,0.067578125,1730,-0.006650954448559787,2.816362142562866,0.8620431423187256,-2.504316619038582,0.0003,0.007669236,0.2,0.5902243256568909,4.629174149036407
358400,269,1328,175,0.0314453125,1740,-0.0039726540184346956,0.49078571796417236,0.8582354187965393,-2.5014172434806823,0.0003,0.0057977536,0.2,0.736121416091919,1.6408317543566227
360448,271,1328,176,0.0380859375,1750,-0.005804631294449791,0.5251526236534119,0.8559204339981079,-2.4906359136104586,0.0003,0.0059555867,0.2,0.6192741394042969,2.574588245898485
362496,272,1328,177,0.036279296875,1760,-0.005404257299960591,0.17647212743759155,0.8561581969261169,-2.487398993968964,0.0003,0.006127973,0.2,0.8298537731170654,0.9154262270778417
364544,274,1328,178,0.0568359375,1770,-0.006445866063586436,1.600407600402832,0.8525342345237732,-2.485911402106285,0.0003,0.0067849746,0.2,0.661337673664093,2.5550077565014364
366592,275,1328,179,0.03798828125,1780,-0.009576789569109678,0.14593997597694397,0.8594735860824585,-2.4887069404125213,0.0003,0.0064862515,0.2,0.8983227610588074,0.5441873546689748
368640,277,1328,180,0.042578125,1790,-0.005793162900954485,0.508569598197937,0.8623620271682739,-2.5028079360723496,0.0003,0.0070937043,0.2,0.7572523951530457,1.397160592675209
370688,279,1328,181,0.07646484375,1800,-0.006334632640937343,0.09043238312005997,0.8555620312690735,-2.498732653260231,0.0003,0.008383691,0.2,0.9086460471153259,0.38564933035522697
372736,280,1328,182,0.046923828125,1810,-0.0036891602125251667,1.0705149173736572,0.855604887008667,-2.487069123983383,0.0003,0.0056098704,0.2,0.4742865562438965,3.223565439879894
374784,282,1328,183,0.103076171875,1820,-0.008458119421266019,0.10125938057899475,0.8588640093803406,-2.4887637108564378,0.0003,0.0072321896,0.2,0.8274688124656677,0.37814965173602105
376832,283,1328,184,0.075244140625,1830,-0.00862123838160187,0.2466128021478653,0.86360102891922,-2.496648558974266,0.0003,0.0060709044,0.2,0.7941365838050842,0.9669711634516716
378880,285,1328,185,0.032958984375,1840,-0.002641898431465961,0.35391128063201904,0.8653371930122375,-2.5057225257158278,0.0003,0.003716069,0.2,0.8832051157951355,0.8556551802903414
380928,286,1328,186,0.0294921875,1850,-0.0037707546027377246,0.9995416402816772,0.8647778034210205,-2.50704947412014,0.0003,0.004221325,0.2,0.727042555809021,3.208287075161934
382976,288,1328,187,0.077587890625,1860,-0.009001733845798299,0.23371005058288574,0.864981472492218,-2.505957913398743,0.0003,0.009360744,0.2,0.9130735993385315,0.6469666007906199
385024,289,1328,188,0.05791015625,1870,-0.008471415605163202,0.2529575526714325,0.8604888319969177,-2.503006735444069,0.0003,0.006012408,0.2,0.9336397051811218,0.7459167879074812
387072,291,1328,189,0.055126953125,1880,-0.010448508616536855,3.488337993621826,0.8595800399780273,-2.4962886720895767,0.0003,0.006881137,0.2,0.7800884246826172,4.584546233713627
389120,292,1328,190,0.047998046875,1890,-0.003704044361074921,0.2793291211128235,0.8578519821166992,-2.4931192278861998,0.0003,0.0073533673,0.2,0.8836698532104492,0.9878351166844368
391168,294,1328,191,0.020947265625,1900,-0.003507062795688398,0.43187272548675537,0.8523591756820679,-2.4865422189235686,0.0003,0.0044137193,0.2,0.6408678889274597,1.3693205900490284
393216,295,1328,192,0.048046875,1910,-0.007123027750640176,1.1733404397964478,0.8538538217544556,-2.47744197845459,0.0003,0.00745848,0.2,0.6373369693756104,3.3770357236266135
395264,297,1329,193,0.04150390625,1920,-0.007377242553047836,0.3455444276332855,0.845375657081604,-2.472028133273125,0.0003,0.0054049594,0.2,0.8328442573547363,0.9695089623332024
397312,298,1329,194,0.027685546875,1930,-0.004239390502334572,2.1830577850341797,0.8447222709655762,-2.4590292781591416,0.0003,0.004812957,0.2,0.6985971927642822,5.08172655403614
399360,300,1329,195,0.02138671875,1940,-0.0044433776347432286,0.6358481645584106,0.8430639505386353,-2.4579523503780365,0.0003,0.0059584077,0.2,0.7318950891494751,2.8160444885492324
401408,302,1328,196,0.03916015625,1950,-0.005694723752094432,0.5961873531341553,0.8416543006896973,-2.452305555343628,0.0003,0.0051107984,0.2,0.7605438828468323,1.9321076281368732
403456,303,1329,197,0.045458984375,1960,-0.005548685890971683,0.10686852037906647,0.8435515761375427,-2.450893560051918,0.0003,0.0068299314,0.2,0.8570252060890198,0.6231020214036107
405504,305,1329,198,0.05087890625,1970,-0.00528571814938914,0.2740921080112457,0.847291886806488,-2.459549683332443,0.0003,0.006568374,0.2,0.881407618522644,1.20934222266078
407552,306,1329,199,0.025537109375,1980,-0.004941718309419229,0.25565093755722046,0.8409444689750671,-2.458236414194107,0.0003,0.003713082,0.2,0.9515684843063354,0.7850648488849401
409600,308,1329,200,0.048974609375,1990,-0.0053174448548816144,0.13139209151268005,0.8324571847915649,-2.4365538209676743,0.0003,0.0068793315,0.2,0.9611536264419556,0.40091062858700754
411648,309,1329,201,0.068212890625,2000,-0.006713618664070964,0.3541806638240814,0.8318849802017212,-2.422545811533928,0.0003,0.007555628,0.2,0.8709722757339478,1.6177492879331112
413696,311,1329,202,0.039599609375,2010,-0.005306098135770298,0.2828795313835144,0.8244388103485107,-2.4161815315485002,0.0003,0.0056380453,0.2,0.8900703191757202,0.7998240515589714
415744,312,1329,203,0.035791015625,2020,-0.0034003765787929295,0.09960253536701202,0.8265798687934875,-2.4057809323072434,0.0003,0.0046532834,0.2,0.9538968205451965,0.39721651636064054
417792,314,1329,204,0.041064453125,2030,-0.004243603251234162,0.5213682651519775,0.8298938274383545,-2.414232376217842,0.0003,0.006732732,0.2,0.8601561188697815,1.4201028004288674
419840,315,1329,205,0.07568359375,2040,-0.005917601575492881,0.3249545395374298,0.8276156187057495,-2.416348549723625,0.0003,0.0071402444,0.2,0.9002875685691833,1.0643665745854378
421888,317,1329,206,0.05009765625,2050,-0.00593112830829341,2.1216037273406982,0.8288466930389404,-2.4128720283508303,0.0003,0.0052058566,0.2,0.7267254590988159,4.0423129692673685
423936,318,1329,207,0.040478515625,2060,-0.0037637832254404204,0.912421703338623,0.8234233856201172,-2.409265011548996,0.0003,0.0052107773,0.2,0.6900172233581543,2.1475729010999203
425984,320,1329,208,0.028466796875,2070,-0.006590515177231282,0.6749292612075806,0.8252411484718323,-2.405765327811241,0.0003,0.0055008773,0.2,0.7824885845184326,2.989807677268982
428032,321,1329,209,0.026904296875,2080,-0.004172247965470888,0.8705653548240662,0.8290000557899475,-2.4150137305259705,0.0003,0.003923508,0.2,0.7563270926475525,3.075930726528168
430080,323,1329,210,0.027294921875,2090,-0.002705675386823714,0.7740204930305481,0.8259110450744629,-2.4157363414764403,0.0003,0.0048963353,0.2,0.7309436798095703,1.7436881586909294
432128,324,1330,211,0.07275390625,2100,-0.0074683586426544935,0.2633035480976105,0.8261958360671997,-2.409700682759285,0.0003,0.005401075,0.2,0.8956742882728577,1.4784941621124745
434176,326,1329,212,0.034326171875,2110,-0.005640369578031823,0.8548237085342407,0.8265697956085205,-2.409607082605362,0.0003,0.0058608307,0.2,0.84065842628479,1.8474764019250869
436224,327,1330,213,0.056396484375,2120,-0.005647753852827009,0.4298532009124756,0.8270767331123352,-2.4096639454364777,0.0003,0.009370769,0.2,0.7874466180801392,1.1363315530121327
438272,329,1330,214,0.029931640625,2130,-0.00434469934552908,0.2627828121185303,0.8288218975067139,-2.4138092696666718,0.0003,0.0054677343,0.2,0.8370577692985535,0.7837455913424491
440320,331,1330,215,0.056640625,2140,-0.006345921641332098,0.5169287323951721,0.8321396708488464,-2.4185575008392335,0.0003,0.007328711,0.2,0.8806045055389404,1.4868017241358757
442368,332,1330,216,0.06533203125,2150,-0.007634311594301835,0.39888349175453186,0.8307046890258789,-2.4215630650520326,0.0003,0.00752489,0.2,0.8526448607444763,1.8152647659182548
444416,334,1330,217,0.083349609375,2160,-0.00915556340769399,0.11145215481519699,0.8358514904975891,-2.4216354370117186,0.0003,0.007601913,0.2,0.9088296294212341,0.36348444763571025
446464,335,1330,218,0.0169921875,2170,-0.0025925499969162045,0.23896881937980652,0.8372791409492493,-2.4280241936445237,0.0003,0.0032644374,0.2,0.7105475068092346,1.7968486238270998
448512,337,1330,219,0.039404296875,2180,-0.0037463412882061675,0.3624546229839325,0.8353538513183594,-2.4278577238321306,0.0003,0.005560725,0.2,0.9180315732955933,0.9394388370215893
450560,338,1330,220,0.04052734375,2190,-0.003860980024910532,1.1340224742889404,0.8346481323242188,-2.424497643113136,0.0003,0.0049752262,0.2,0.6722116470336914,2.182635189592838
452608,340,1330,221,0.031640625,2200,-0.004076362977502868,0.3680649399757385,0.8292873501777649,-2.4192840307950974,0.0003,0.0050039645,0.2,0.8284571170806885,1.018751673027873
454656,341,1330,222,0.072900390625,2210,-0.005182998257805593,0.08641254901885986,0.8360832929611206,-2.417567494511604,0.0003,0.008169042,0.2,0.8822937607765198,0.6542077163234353
456704,343,1330,223,0.03447265625,2220,-0.00617656314134365,0.5122237801551819,0.8314515948295593,-2.4257434397935866,0.0003,0.005526707,0.2,0.8821703791618347,1.9748746030032636
458752,344,1330,224,0.04404296875,2230,-0.004531656191102229,1.058853268623352,0.8248114585876465,-2.406960353255272,0.0003,0.005184108,0.2,0.7242245674133301,2.265239602327347
460800,346,1330,225,0.03798828125,2240,-0.004802806346560828,0.4462091028690338,0.8190817832946777,-2.3910786718130113,0.0003,0.0049724868,0.2,0.8797821402549744,1.3952582500874997
462848,347,1330,226,0.056494140625,2250,-0.004303863266250119,0.2750608026981354,0.8155689239501953,-2.3804154127836226,0.0003,0.0075458516,0.2,0.8946620225906372,0.8080128949135542
464896,349,1330,227,0.05771484375,2260,-0.006059872760670259,0.4657002389431,0.8151880502700806,-2.376644366979599,0.0003,0.0055335606,0.2,0.7542420625686646,2.3953093737363815
466944,350,1330,228,0.06181640625,2270,-0.007167672220384702,0.4756671190261841,0.8239738941192627,-2.3877692222595215,0.0003,0.008301335,0.2,0.6576883792877197,1.6621866811066865
468992,352,1330,229,0.06005859375,2280,-0.010020187470945529,0.2821585237979889,0.8280466198921204,-2.4064284920692445,0.0003,0.008854249,0.2,0.891028881072998,0.9045678049325943
471040,353,1330,230,0.033740234375,2290,-0.004810266027925536,0.44036099314689636,0.8250892162322998,-2.4103007853031158,0.0003,0.0046074893,0.2,0.7414515614509583,1.656578454375267
473088,355,1330,231,0.07109375,2300,-0.00713308755075559,0.050288137048482895,0.8216793537139893,-2.403881165385246,0.0003,0.007276407,0.2,0.8909845948219299,0.28696691133081914
475136,357,1330,232,0.091162109375,2310,-0.008339540273300371,0.07335636019706726,0.8205015063285828,-2.400848627090454,0.0003,0.0073131532,0.2,0.9417814016342163,0.2639675987884402
477184,358,1330,233,0.0841796875,2320,-0.00907071123656351,0.31478753685951233,0.8218029141426086,-2.40214347243309,0.0003,0.009630502,0.2,0.7451721429824829,1.7922422252595425
479232,360,1330,234,0.0275390625,2330,-0.003360402665566653,1.4925445318222046,0.8229427337646484,-2.403773680329323,0.0003,0.0029896987,0.2,0.641292929649353,4.48173765540123
481280,361,1330,235,0.083203125,2340,-0.006641714015859179,1.2115061283111572,0.8244971036911011,-2.4064863681793214,0.0003,0.0085298605,0.2,0.8093189597129822,2.5798569351434706
483328,363,1330,236,0.0890625,2350,-0.007280906246160157,0.37148886919021606,0.8246245384216309,-2.407662308216095,0.0003,0.007834123,0.2,0.8792271614074707,1.0347854252904654
485376,364,1330,237,0.076904296875,2360,-0.008277480228571221,0.2421494871377945,0.8213728070259094,-2.4062966793775558,0.0003,0.008816209,0.2,0.6874656677246094,1.3091295331716537
487424,366,1330,238,0.06103515625,2370,-0.0046419216901995245,0.7015508413314819,0.8174891471862793,-2.4005162328481675,0.0003,0.0044240397,0.2,0.5194898843765259,3.0797320708632467
489472,367,1330,239,0.02734375,2380,-0.0042623622648534365,0.8744727373123169,0.8162326216697693,-2.3941831231117248,0.0003,0.004695288,0.2,0.8370927572250366,1.8206322960555554
491520,369,1330,240,0.06669921875,2390,-0.007307710126042366,0.10881125926971436,0.8115216493606567,-2.3894391268491746,0.0003,0.0072646127,0.2,0.8691624402999878,0.42437399327754977
493568,370,1331,241,0.047412109375,2400,-0.00715686539770104,0.30013754963874817,0.814437210559845,-2.385192021727562,0.0003,0.006314138,0.2,0.7562417984008789,1.343010415136814
495616,372,1331,242,0.028955078125,2410,-0.003576542234804947,0.7271530032157898,0.8144830465316772,-2.3906937807798387,0.0003,0.0046472684,0.2,0.8647874593734741,2.3534227944910526
497664,373,1331,243,0.03125,2420,-0.004132561018923298,0.3121818006038666,0.8152230381965637,-2.389223212003708,0.0003,0.005108146,0.2,0.7361139059066772,1.010120965540409
499712,375,1331,244,0.03818359375,2430,-0.006234548994689249,0.4362018406391144,0.8142110109329224,-2.3866628766059876,0.0003,0.0072915,0.2,0.7781288623809814,1.8759904764592648
501760,376,1331,245,0.0490234375,2440,-0.005646454083034769,0.23318859934806824,0.8189814686775208,-2.389279064536095,0.0003,0.0061981557,0.2,0.9325489401817322,1.32173343449831
503808,378,1331,246,0.03916015625,2450,-0.0048111638112459335,1.0683459043502808,0.8201471567153931,-2.3976893723011017,0.0003,0.0064156037,0.2,0.7819833159446716,3.083982767164707
505856,380,1331,247,0.055029296875,2460,-0.006503758259350434,0.25574541091918945,0.8239243030548096,-2.401880717277527,0.0003,0.008481754,0.2,0.771945595741272,1.1651505813002587
507904,381,1331,248,0.05927734375,2470,-0.006152344506699592,0.4096584916114807,0.8172460198402405,-2.4034231930971144,0.0003,0.007756459,0.2,0.8315717577934265,1.5594375930726527
509952,383,1331,249,0.064111328125,2480,-0.006904701108578592,0.2956961393356323,0.817604660987854,-2.394433060288429,0.0003,0.009503454,0.2,0.7643705606460571,1.4510911203920842
512000,384,1331,250,0.05908203125,2490,-0.0045441600668709725,0.07344993948936462,0.8162760734558105,-2.3956980615854264,0.0003,0.008616079,0.2,0.8956162929534912,0.36516335466876626
514048,386,1331,251,0.07060546875,2500,-0.006929329436388798,2.406655788421631,0.8194172382354736,-2.3977561354637147,0.0003,0.0066114306,0.2,0.29206210374832153,5.029821754992009
516096,387,1331,252,0.041015625,2510,-0.0048227839113678785,0.25641438364982605,0.8205995559692383,-2.4050500273704527,0.0003,0.005313947,0.2,0.9424301385879517,0.8451119240373373
518144,389,1331,253,0.0482421875,2520,-0.0037484673346625643,0.4339451491832733,0.8286964893341064,-2.414915546774864,0.0003,0.005679479,0.2,0.9182364344596863,0.6142269441857934
520192,390,1331,254,0.0373046875,2530,-0.005063593678642064,0.49336719512939453,0.8282756805419922,-2.4251204282045364,0.0003,0.005713965,0.2,0.8436465263366699,1.4969066858291626
522240,392,1331,255,0.03720703125,2540,-0.007432499926653691,1.2834724187850952,0.8257191181182861,-2.4203186869621276,0.0003,0.004843151,0.2,0.6505913734436035,2.7708538763225077
524288,393,1331,256,0.0435546875,2550,-0.003939807318965904,0.7535668015480042,0.8247652053833008,-2.4161950618028643,0.0003,0.005956457,0.2,0.7460991144180298,1.7267295852303506
526336,395,1331,257,0.073291015625,2560,-0.006843012929311954,0.04565112292766571,0.8219252228736877,-2.4120397865772247,0.0003,0.008032869,0.2,0.9358518123626709,0.19275031937286258
528384,396,1331,258,0.06103515625,2570,-0.008038312179269268,0.3341861665248871,0.8132292032241821,-2.400651693344116,0.0003,0.0077771917,0.2,0.7956362962722778,1.3125808537006378
530432,398,1331,259,0.06337890625,2580,-0.008874036176712253,0.17034262418746948,0.8124489784240723,-2.3864784061908724,0.0003,0.006764194,0.2,0.8553987741470337,1.3522800832986832
532480,399,1331,260,0.0201171875,2590,-0.002098456348176114,0.09763720631599426,0.8112608790397644,-2.385395461320877,0.0003,0.00356222,0.2,0.8746325373649597,0.5960907369852066
534528,401,1331,261,0.04755859375,2600,-0.004258593707345426,1.8280999660491943,0.808700442314148,-2.378539872169495,0.0003,0.006041092,0.2,0.5691047310829163,3.1430198892951013
536576,402,1331,262,0.049169921875,2610,-0.006467988001531921,0.25773003697395325,0.8061536550521851,-2.37207308113575,0.0003,0.0064223683,0.2,0.89994215965271,0.9983804356306791
538624,404,1331,263,0.062451171875,2620,-0.005237649020273238,0.07801611721515656,0.7959399223327637,-2.360691490769386,0.0003,0.007862896,0.2,0.9041303992271423,0.42245356952771546
540672,406,1331,264,0.058056640625,2630,-0.007629300159169361,0.41766008734703064,0.8008164167404175,-2.3478246361017225,0.0003,0.0060759056,0.2,0.7224285006523132,1.0235567040741445
542720,407,1331,265,0.045654296875,2640,-0.009284525655675679,1.4739367961883545,0.8055615425109863,-2.3623682379722597,0.0003,0.0059664734,0.2,0.49160248041152954,6.105177927017212
544768,409,1331,266,0.05673828125,2650,-0.008089925878448413,0.5130429863929749,0.8063440918922424,-2.3713581413030624,0.0003,0.006169358,0.2,0.8136283159255981,1.4298349771648646
546816,410,1331,267,0.119970703125,2660,-0.011383499973453582,0.11418512463569641,0.8126655220985413,-2.3768694579601286,0.0003,0.012447714,0.2,0.6816012859344482,0.45248228013515474
548864,412,1331,268,0.06728515625,2670,-0.00798630102945026,0.5297797918319702,0.8111379146575928,-2.3837996453046797,0.0003,0.007806441,0.2,0.8521111607551575,1.828974650800228
550912,413,1331,269,0.050048828125,2680,-0.004918163560796529,0.3427317142486572,0.8125267028808594,-2.3821651577949523,0.0003,0.005733433,0.2,0.6505424976348877,1.5263446632772684
552960,415,1331,270,0.036181640625,2690,-0.004895925198798068,1.3504245281219482,0.81037437915802,-2.382928103208542,0.0003,0.00592291,0.2,0.8036618828773499,2.7584297694265842
555008,416,1331,271,0.0482421875,2700,-0.004733473516535014,0.0822724923491478,0.8089156150817871,-2.378964677453041,0.0003,0.0046013948,0.2,0.9594945907592773,0.531088930927217
557056,418,1332,272,0.036572265625,2710,-0.004456714424304664,0.295303076505661,0.8061155080795288,-2.3762058198451994,0.0003,0.0055580847,0.2,0.778803825378418,1.103728885576129
559104,419,1331,273,0.022802734375,2720,-0.004766679278691299,1.3695234060287476,0.8072196245193481,-2.3724356085062026,0.0003,0.004464848,0.2,0.6129018664360046,3.501437632739544
561152,421,1332,274,0.03486328125,2730,-0.004981020936975255,1.546689748764038,0.8080787658691406,-2.376409590244293,0.0003,0.0046541346,0.2,0.6483402252197266,4.327795369923114
563200,422,1332,275,0.033154296875,2740,-0.005792538204696029,0.21211552619934082,0.8122494220733643,-2.3816377103328703,0.0003,0.005225893,0.2,0.5854488611221313,1.0244643688201904
565248,424,1332,276,0.04814453125,2750,-0.007122843997785821,0.6840723752975464,0.8108842968940735,-2.387015861272812,0.0003,0.0071830396,0.2,0.7016885876655579,2.4903775729238986
567296,425,1332,277,0.048779296875,2760,-0.005706929543521255,2.050642490386963,0.8085346221923828,-2.382962468266487,0.0003,0.0073297094,0.2,0.7553857564926147,4.4643159955739975
569344,427,1332,278,0.027001953125,2770,-0.00532231560209766,0.5595294237136841,0.804381251335144,-2.376908454298973,0.0003,0.004771523,0.2,0.8738954663276672,1.7995685666799546
571392,428,1332,279,0.05078125,2780,-0.005269921975559555,0.3522148132324219,0.7986148595809937,-2.363857939839363,0.0003,0.0064909635,0.2,0.8455215692520142,1.0801446475088596
573440,430,1332,280,0.040478515625,2790,-0.0062594221468316395,0.1745137721300125,0.7981433272361755,-2.353845101594925,0.0003,0.004894077,0.2,0.8779535293579102,0.7549654804170132
575488,432,1332,281,0.03671875,2800,-0.0065553165957680905,0.32204973697662354,0.7974201440811157,-2.354088342189789,0.0003,0.005988526,0.2,0.889877200126648,1.3695495486259461
577536,433,1332,282,0.03857421875,2810,-0.00664154609257821,0.17639102041721344,0.7895350456237793,-2.3465521216392515,0.0003,0.0055366554,0.2,0.9502375721931458,0.5916916139423847
579584,435,1332,283,0.028271484375,2820,-0.0034069374669343233,0.3815709352493286,0.7878942489624023,-2.329520583152771,0.0003,0.00478155,0.2,0.8194941282272339,2.211459544301033
581632,436,1332,284,0.052001953125,2830,-0.005607915084692649,0.6876632571220398,0.7881934642791748,-2.3297266513109207,0.0003,0.006374491,0.2,0.6791447401046753,3.163909465074539
583680,438,1332,285,0.065380859375,2840,-0.005474975975812413,0.2285972684621811,0.7860015630722046,-2.3295546263456344,0.0003,0.009457042,0.2,0.897673487663269,0.9038930665701628
585728,439,1332,286,0.05556640625,2850,-0.00670137979905121,0.3397838771343231,0.7852504849433899,-2.3260887175798417,0.0003,0.0061792387,0.2,0.8099421262741089,2.0535003140568735
587776,441,1332,287,0.028125,2860,-0.00440465756400954,1.0321917533874512,0.7830884456634521,-2.325256499648094,0.0003,0.004515962,0.2,0.7606831192970276,2.836003340780735
589824,442,1332,288,0.034375,2870,-0.006497314290027134,0.44386720657348633,0.7791253328323364,-2.317848953604698,0.0003,0.005976745,0.2,0.8713402152061462,1.4090584270656108
591872,444,1332,289,0.04619140625,2880,-0.004990679179900326,0.20126140117645264,0.7790884971618652,-2.3106274247169494,0.0003,0.0070017083,0.2,0.7853107452392578,0.956982022896409
593920,445,1332,290,0.078955078125,2890,-0.009098745699157007,0.7272109985351562,0.7799944281578064,-2.310893586277962,0.0003,0.008952169,0.2,0.8247866034507751,2.6244522616267205
595968,447,1332,291,0.051171875,2900,-0.006866093864664436,1.3623756170272827,0.782983660697937,-2.3163132935762407,0.0003,0.006238371,0.2,0.8068194389343262,2.9236732974648474
598016,448,1332,292,0.04755859375,2910,-0.004960091671091504,0.5713270306587219,0.7832064628601074,-2.3193466424942017,0.0003,0.007921813,0.2,0.7491871118545532,1.7923193752765656
600064,450,1332,293,0.0732421875,2920,-0.009763258861494251,0.5245330929756165,0.7832417488098145,-2.3162211656570433,0.0003,0.0058220886,0.2,0.8395619988441467,2.3638152845203875
602112,451,1332,294,0.079248046875,2930,-0.004684060474392027,0.08196783065795898,0.7813739776611328,-2.314987602829933,0.0003,0.0076231444,0.2,0.8909757137298584,0.3298087533563375
604160,453,1332,295,0.03642578125,2940,-0.005184243648545817,0.4728345572948456,0.7798600196838379,-2.3107959926128387,0.0003,0.004155668,0.2,0.8047701120376587,2.1949892796576025
606208,455,1332,296,0.022900390625,2950,-0.004687318828655407,1.455191731452942,0.7766567468643188,-2.3067558735609053,0.0003,0.0049154228,0.2,0.8257163763046265,3.369928114116192
608256,456,1332,297,0.050830078125,2960,-0.006603406154317782,0.3944399654865265,0.7758852243423462,-2.2998757541179655,0.0003,0.005685212,0.2,0.8473218083381653,1.3245678551495075
610304,458,1332,298,0.044921875,2970,-0.00827186772658024,1.4012855291366577,0.776757001876831,-2.3004067808389665,0.0003,0.0058009415,0.2,0.7267879247665405,3.386861674487591
612352,459,1332,299,0.062890625,2980,-0.009119880048092454,0.4026212692260742,0.7779890298843384,-2.301971420645714,0.0003,0.005965494,0.2,0.806101381778717,1.2746094584465026
614400,461,1332,300,0.037158203125,2990,-0.005811752317822538,0.30872994661331177,0.7684862017631531,-2.295086696743965,0.0003,0.007116506,0.2,0.7741066217422485,1.2764352783560753
616448,462,1332,301,0.06416015625,3000,-0.00623732713283971,0.642223060131073,0.7629132270812988,-2.2733933299779894,0.0003,0.0075775124,0.2,0.572681188583374,1.791104359179735
618496,464,1332,302,0.048876953125,3010,-0.0067510368797229605,0.14289839565753937,0.7674655914306641,-2.269537529349327,0.0003,0.0070305793,0.2,0.9343051910400391,0.5711418863385915
620544,465,1332,303,0.0822265625,3020,-0.00697039756923914,0.3907195031642914,0.7677248120307922,-2.2802997797727587,0.0003,0.0064140223,0.2,0.8085431456565857,1.3236232601106166
622592,467,1332,304,0.074951171875,3030,-0.0059205577534157785,0.44148746132850647,0.7732064127922058,-2.287427082657814,0.0003,0.009258108,0.2,0.5840473771095276,2.8192485861480234
624640,468,1332,305,0.068505859375,3040,-0.006033474790456239,1.2322845458984375,0.7743833065032959,-2.299166253209114,0.0003,0.0063136173,0.2,0.3611329197883606,5.2824458703398705
626688,470,1332,306,0.065673828125,3050,-0.004417885415023193,0.23072516918182373,0.7668884992599487,-2.294500133395195,0.0003,0.013717116,0.2,0.8561224937438965,1.0772706475108862
628736,471,1332,307,0.0583984375,3060,-0.003724422794766724,0.5186089873313904,0.7634613513946533,-2.2768343329429626,0.0003,0.0062053017,0.2,0.728951096534729,2.552255329489708
630784,473,1332,308,0.043212890625,3070,-0.004913492299965583,0.6793062686920166,0.7611167430877686,-2.2692511320114135,0.0003,0.005666855,0.2,0.7945060729980469,1.7681020379066468
632832,475,1332,309,0.02744140625,3080,-0.0023073626623954626,0.42354875802993774,0.7566770315170288,-2.262077459692955,0.0003,0.0042419266,0.2,0.7972474098205566,2.3023376621305944
634880,476,1332,310,0.045703125,3090,-0.003670111729297787,0.6263840794563293,0.756256103515625,-2.2522784650325773,0.0003,0.0061277444,0.2,0.6981052160263062,2.559179953485727
636928,478,1332,311,0.04833984375,3100,-0.0053871220530709255,0.17968235909938812,0.7541311979293823,-2.2506495356559753,0.0003,0.00706078,0.2,0.7872633337974548,0.953669062256813
638976,479,1332,312,0.06396484375,3110,-0.005018116094288416,1.6003395318984985,0.7534622550010681,-2.2448271602392196,0.0003,0.0060651386,0.2,0.636710524559021,3.4289604753255842
641024,481,1332,313,0.045947265625,3120,-0.0061684564803726975,0.1913602352142334,0.7560566663742065,-2.2454783231019975,0.0003,0.0065747346,0.2,0.8935078382492065,1.078138105943799
643072,482,1332,314,0.038330078125,3130,-0.004512598624569364,0.968001127243042,0.7533902525901794,-2.2459550380706785,0.0003,0.004101541,0.2,0.7644164562225342,2.7188208639621734
645120,484,1332,315,0.028515625,3140,-0.003433073018095456,0.37041687965393066,0.7496507167816162,-2.2368309825658796,0.0003,0.0043750047,0.2,0.8629092574119568,1.400532678514719
647168,485,1332,316,0.0474609375,3150,-0.004404701973544434,1.581977367401123,0.7505707740783691,-2.230967277288437,0.0003,0.0055951723,0.2,0.7797231078147888,4.36913098692894
649216,487,1332,317,0.0486328125,3160,-0.006755877728573978,0.32869842648506165,0.7538525462150574,-2.235472944378853,0.0003,0.0074296976,0.2,0.812669038772583,1.5828002139925956
651264,488,1332,318,0.054541015625,3170,-0.007505531143397093,1.1553910970687866,0.7554623484611511,-2.2408545047044752,0.0003,0.0065346844,0.2,0.8419024348258972,2.7755625784397124
653312,490,1332,319,0.056689453125,3180,-0.0061470015498343855,0.34936025738716125,0.750774621963501,-2.2387901067733766,0.0003,0.008051945,0.2,0.8727918267250061,1.434469385445118
655360,491,1332,320,0.039404296875,3190,-0.005961850179301109,0.2938709557056427,0.7521510124206543,-2.230187267065048,0.0003,0.005892233,0.2,0.8905526399612427,1.2652408689260484
657408,493,1332,321,0.030712890625,3200,-0.004783843352925032,0.4009498059749603,0.7521127462387085,-2.236504450440407,0.0003,0.0046718433,0.2,0.7778884172439575,1.7339166060090065
659456,494,1332,322,0.038134765625,3210,-0.00457189628505148,0.6104094982147217,0.7504730224609375,-2.2351010531187057,0.0003,0.005155921,0.2,0.908888041973114,2.1424545891582967
661504,496,1332,323,0.048583984375,3220,-0.0069231561617925765,0.6456753015518188,0.7506274580955505,-2.2320106446743013,0.0003,0.005680071,0.2,0.8353003263473511,2.5353653490543366
663552,497,1332,324,0.051123046875,3230,-0.005067409478942864,0.6073656678199768,0.7515276670455933,-2.234152007102966,0.0003,0.006551711,0.2,0.6982530951499939,2.322690721601248
665600,499,1332,325,0.05751953125,3240,-0.005179891201260034,1.1763354539871216,0.7531903982162476,-2.2384241342544557,0.0003,0.0056192125,0.2,0.5651684403419495,3.598894941806793
667648,501,1332,326,0.04658203125,3250,-0.005672895209863782,0.7323831915855408,0.7478880882263184,-2.2344620496034624,0.0003,0.0072331247,0.2,0.8488986492156982,2.2594566479325295
669696,502,1332,327,0.057568359375,3260,-0.006161706754937768,0.7752649784088135,0.7510409355163574,-2.2259466528892515,0.0003,0.0072288197,0.2,0.7580265998840332,2.321827846765518
671744,504,1332,328,0.09228515625,3270,-0.009203250613063573,0.1389770358800888,0.7506058216094971,-2.2357254445552828,0.0003,0.008801142,0.2,0.879561722278595,0.6913629073649645
673792,505,1332,329,0.0634765625,3280,-0.007757703485549427,0.5229669213294983,0.7512511014938354,-2.2333172231912615,0.0003,0.008061171,0.2,0.8724949955940247,1.0554369803518058
675840,507,1332,330,0.052783203125,3290,-0.0071192968665855,0.5212926864624023,0.7478464841842651,-2.232895067334175,0.0003,0.0075461995,0.2,0.8697949051856995,1.6115691468119622
677888,508,1332,331,0.077392578125,3300,-0.006618517742026597,0.13067974150180817,0.744310200214386,-2.222884067893028,0.0003,0.0067524533,0.2,0.8900014162063599,0.42998206429183483
679936,510,1332,332,0.072900390625,3310,-0.005401653359876945,0.930915892124176,0.7495771050453186,-2.22114939391613,0.0003,0.0102655105,0.2,0.7835678458213806,1.7061682060360908
681984,511,1332,333,0.0228515625,3320,-0.0034587320900755004,0.1949443519115448,0.7472381591796875,-2.2283180505037308,0.0003,0.0042910455,0.2,0.8646839261054993,1.3037847012281418
684032,513,1332,334,0.054931640625,3330,-0.00581634137488436,1.1214834451675415,0.7450879216194153,-2.223621371388435,0.0003,0.0074216872,0.2,0.7904077768325806,2.392576289176941
686080,514,1332,335,0.056396484375,3340,-0.006911377285723575,0.31591176986694336,0.7504546642303467,-2.2260962426662445,0.0003,0.011619813,0.2,0.9212524890899658,0.8311546042561531
688128,516,1332,336,0.06572265625,3350,-0.0048309311619959775,0.8995572924613953,0.7518422603607178,-2.2368704587221147,0.0003,0.006564229,0.2,0.7040489912033081,2.030875960737467
690176,517,1332,337,0.060400390625,3360,-0.005467451480217278,0.1518884152173996,0.7562626600265503,-2.2427296727895736,0.0003,0.0073688077,0.2,0.8270976543426514,0.7293622214347124
692224,519,1332,338,0.0306640625,3370,-0.0042259961279341954,0.8019474148750305,0.7556947469711304,-2.250201389193535,0.0003,0.0055644438,0.2,0.7317221164703369,3.5236263453960417
694272,521,1332,339,0.04638671875,3380,-0.00546097545302473,1.4773167371749878,0.7553852796554565,-2.2469220221042634,0.0003,0.005051537,0.2,0.7148878574371338,3.343680275976658
696320,522,1332,340,0.080859375,3390,-0.008433242508908733,0.9542593955993652,0.7561126351356506,-2.248575282096863,0.0003,0.008809503,0.2,0.6678013801574707,2.750909624993801
698368,524,1332,341,0.090966796875,3400,-0.00809594257734716,0.20327700674533844,0.7564077377319336,-2.2497929304838182,0.0003,0.009469062,0.2,0.8728393912315369,0.6817623056471348
700416,525,1332,342,0.036669921875,3410,-0.003901352611137554,0.3410717844963074,0.7582733631134033,-2.2506207525730133,0.0003,0.0048036384,0.2,0.8655719757080078,0.7635968148708343
702464,527,1332,343,0.0421875,3420,-0.005050448296242393,0.7939294576644897,0.7598865032196045,-2.2566784381866456,0.0003,0.0051365206,0.2,0.7604203820228577,2.180656312406063
704512,528,1332,344,0.057177734375,3430,-0.005428988655330614,0.16397374868392944,0.7591406106948853,-2.258720189332962,0.0003,0.008766837,0.2,0.8234976530075073,0.8921219728887081
706560,530,1332,345,0.038818359375,3440,-0.003463504294632003,1.7619352340698242,0.7594642639160156,-2.2544309258461,0.0003,0.0045279306,0.2,0.7201532125473022,1.796780877560377
708608,531,1332,346,0.077294921875,3450,-0.008888220618246123,0.10348564386367798,0.7622714638710022,-2.2560975253582,0.0003,0.00738272,0.2,0.9248352646827698,0.44962722174823283
710656,533,1332,347,0.028369140625,3460,-0.0014622500049881638,0.1161947101354599,0.7640904188156128,-2.2637110888957976,0.0003,0.0069491505,0.2,0.48188650608062744,0.9452261950820684
712704,534,1332,348,0.052587890625,3470,-0.003309127510874532,0.2521838843822479,0.7690534591674805,-2.2698956340551377,0.0003,0.006169417,0.2,0.7912738919258118,1.2755747389048337
714752,536,1332,349,0.026904296875,3480,-0.0023206294164992867,2.8272247314453125,0.7719919085502625,-2.280049389600754,0.0003,0.0045244135,0.2,0.7068829536437988,3.06381703838706
716800,537,1332,350,0.05478515625,3490,-0.008768998237792402,0.7203279137611389,0.7682814598083496,-2.2799707114696504,0.0003,0.0072712866,0.2,0.579365074634552,2.0849877119064333
718848,539,1332,351,0.02861328125,3500,-0.005825751266092994,0.19616001844406128,0.7697710990905762,-2.2759916484355927,0.0003,0.0043829093,0.2,0.7403385639190674,1.338889253512025
720896,540,1332,352,0.0384765625,3510,-0.0048346751995268274,0.4980424642562866,0.7633715271949768,-2.2757221192121504,0.0003,0.0048807845,0.2,0.7755456566810608,2.0186560824513435
722944,542,1332,353,0.054931640625,3520,-0.006827259286365006,0.1549750715494156,0.757742166519165,-2.2593779385089876,0.0003,0.00667424,0.2,0.9449849128723145,0.8209701035171747
724992,543,1332,354,0.054443359375,3530,-0.007422391787986271,0.16171452403068542,0.7432578206062317,-2.2356272399425507,0.0003,0.0064172205,0.2,0.8931306004524231,0.6742608912289143
727040,545,1332,355,0.03603515625,3540,-0.004874084383482113,0.753735363483429,0.7378814816474915,-2.2054316818714144,0.0003,0.0055410797,0.2,0.501602828502655,2.9229147106409075
729088,547,1332,356,0.051953125,3550,-0.005879884090973064,0.1935064047574997,0.7399822473526001,-2.19856718480587,0.0003,0.005777655,0.2,0.8457897901535034,0.8601601969450712
731136,548,1332,357,0.050537109375,3560,-0.0023704688472207637,2.5929336547851562,0.7430469393730164,-2.2083373337984087,0.0003,0.0059995223,0.2,0.06887638568878174,5.624563717842102
733184,550,1332,358,0.0701171875,3570,-0.00335652990906965,0.15699836611747742,0.7430645227432251,-2.212464931607246,0.0003,0.0045975475,0.2,0.6444650888442993,0.5734869793057442
735232,551,1332,359,0.093701171875,3580,-0.007701239033485763,0.08330681174993515,0.7446834444999695,-2.215357694029808,0.0003,0.01129503,0.2,0.8888729810714722,0.2589343048632145
737280,553,1332,360,0.036474609375,3590,-0.003415715528535657,0.21639084815979004,0.7464251518249512,-2.219685062766075,0.0003,0.004299833,0.2,0.9126073718070984,0.7693416073918342
739328,554,1332,361,0.0697265625,3600,-0.005345521456911228,0.06069232150912285,0.7422276735305786,-2.2164125829935073,0.0003,0.010423839,0.2,0.7868185639381409,0.5321692606434226
741376,556,1332,362,0.0455078125,3610,-0.002689682092750445,0.28900620341300964,0.7446695566177368,-2.2137236684560775,0.0003,0.006222302,0.2,0.74062579870224,0.8468415882438421
743424,557,1332,363,0.06357421875,3620,-0.007424292719224468,0.11073388159275055,0.7442277073860168,-2.2196216970682143,0.0003,0.007967022,0.2,0.6411314606666565,0.5422763578593731
745472,559,1332,364,0.04814453125,3630,-0.0045998121262528,0.20986275374889374,0.7427350282669067,-2.2164685159921644,0.0003,0.0058767498,0.2,0.8982242941856384,0.6795122288167477
747520,560,1332,365,0.03681640625,3640,-0.0024712722923140975,0.4855358898639679,0.7402786016464233,-2.2097887605428697,0.0003,0.0040696403,0.2,0.7281028628349304,2.2722474113106728
749568,562,1332,366,0.031689453125,3650,-0.005534754486870952,0.20747216045856476,0.7446956634521484,-2.209711754322052,0.0003,0.005499968,0.2,0.9054610729217529,0.7819036588072776
751616,563,1332,367,0.0720703125,3660,-0.00614779936731793,2.1004040241241455,0.7412641048431396,-2.2152050584554672,0.0003,0.0077258768,0.2,0.5468771457672119,5.022137394547462
753664,565,1332,368,0.09140625,3670,-0.006012621213449166,0.05116274952888489,0.747266948223114,-2.2172427505254744,0.0003,0.009661505,0.2,0.918125331401825,0.1986642112955451
755712,566,1332,369,0.053857421875,3680,-0.006334404135122896,0.1623753309249878,0.7497719526290894,-2.230719503760338,0.0003,0.0072653047,0.2,0.8431342840194702,0.7585739012807607
757760,568,1332,370,0.06640625,3690,-0.005594242992810905,1.4822640419006348,0.7505093812942505,-2.2338819950819016,0.0003,0.0066289273,0.2,0.6426416039466858,3.085347032546997
759808,570,1332,371,0.024658203125,3700,-0.006251492476440035,0.3656786382198334,0.7487440705299377,-2.235476240515709,0.0003,0.0059803133,0.2,0.5575761198997498,2.421484211087227
761856,571,1332,372,0.0490234375,3710,-0.004363657493377105,0.14456024765968323,0.748027503490448,-2.2299068093299867,0.0003,0.0064326283,0.2,0.7423710227012634,0.6612182974815368
763904,573,1332,373,0.0578125,3720,-0.004090934887062758,0.41580894589424133,0.7485858201980591,-2.2288542091846466,0.0003,0.0084858,0.2,0.36105722188949585,1.5230535417795181
765952,574,1332,374,0.058349609375,3730,-0.00527622779191006,0.7361197471618652,0.7492736577987671,-2.2300228267908095,0.0003,0.0075300355,0.2,0.5010316371917725,2.9067076832056045
768000,576,1332,375,0.072509765625,3740,-0.008118060859851539,0.11548423022031784,0.7429342269897461,-2.2258696883916853,0.0003,0.006594193,0.2,0.8585138916969299,0.3932726545259356
770048,577,1333,376,0.040185546875,3750,-0.005494432296836748,0.20189236104488373,0.7437225580215454,-2.2181001871824266,0.0003,0.0031323037,0.2,0.6655542850494385,1.8842215940356255
772096,579,1333,377,0.063623046875,3760,-0.009139778645476326,1.7040737867355347,0.7458166480064392,-2.2229881674051284,0.0003,0.0067454744,0.2,0.49836182594299316,4.768441584706307
774144,580,1333,378,0.055078125,3770,-0.0053733609966002405,0.7749137878417969,0.7482397556304932,-2.2293093681335447,0.0003,0.005440959,0.2,0.8389248847961426,1.13081707470119
776192,582,1333,379,0.049365234375,3780,-0.00483449948951602,0.9122486710548401,0.7452551126480103,-2.2288716048002244,0.0003,0.0048598107,0.2,0.23432528972625732,3.2874011747539043
778240,583,1333,380,0.041650390625,3790,-0.006122518450138159,0.22173483669757843,0.7425454258918762,-2.2208675861358644,0.0003,0.0057207136,0.2,0.795392632484436,0.9846179455518722
780288,585,1333,381,0.05947265625,3800,-0.003446280058415141,0.11468887329101562,0.7401858568191528,-2.2114854633808134,0.0003,0.00576018,0.2,0.7528905868530273,0.5021738650277257
782336,586,1333,382,0.0568359375,3810,-0.007163128978572786,0.26083824038505554,0.7393276691436768,-2.204906275868416,0.0003,0.006158421,0.2,0.9243589043617249,1.2163485825061797
784384,588,1333,383,0.05009765625,3820,-0.004495500319171697,0.28762122988700867,0.7377943396568298,-2.202928584814072,0.0003,0.0054891338,0.2,0.9218838810920715,1.013366051018238
786432,589,1333,384,0.03701171875,3830,-0.004276048034080304,0.6175652146339417,0.7385880947113037,-2.2010625153779984,0.0003,0.0033677728,0.2,0.589159369468689,2.4037983365356923
788480,591,1333,385,0.028125,3840,-0.004434908559778706,2.339768886566162,0.7365291714668274,-2.2000416576862336,0.0003,0.0049485154,0.2,0.5671955943107605,5.087631580233574
790528,592,1333,386,0.04423828125,3850,-0.0050016932305879894,0.3175962269306183,0.7337366938591003,-2.1919432252645494,0.0003,0.005094138,0.2,0.6961871385574341,1.0473993826657533
792576,594,1333,387,0.091455078125,3860,-0.007542181084863842,0.29446470737457275,0.7359615564346313,-2.190441909432411,0.0003,0.008571331,0.2,0.7900915741920471,0.9625224214047193
794624,595,1333,388,0.090087890625,3870,-0.007904063450405374,0.1563110500574112,0.7388466596603394,-2.1978877574205398,0.0003,0.009055851,0.2,0.9075921177864075,0.45676060672849417
796672,597,1333,389,0.061572265625,3880,-0.006186214438639581,0.040387172251939774,0.7411015033721924,-2.2043958038091658,0.0003,0.007494515,0.2,0.8280836343765259,0.47425564043223856
798720,598,1333,390,0.045068359375,3890,-0.0032901609476539305,0.43782103061676025,0.7378562688827515,-2.2049011439085007,0.0003,0.007672675,0.2,0.7045282125473022,2.2071751154959203
800768,600,1333,391,0.034521484375,3900,-0.006382795603713021,0.3491121530532837,0.7411354184150696,-2.2006775617599486,0.0003,0.0044365525,0.2,0.40911591053009033,1.8380878712981938
802816,602,1333,392,0.05009765625,3910,-0.005169489682884887,0.3065464198589325,0.7380549907684326,-2.2045973747968675,0.0003,0.0073054763,0.2,0.7977601885795593,1.3664933655411005
804864,603,1333,393,0.047412109375,3920,-0.006490234134253115,1.6212773323059082,0.7397344708442688,-2.199339559674263,0.0003,0.005946668,0.2,0.7283108234405518,4.008252707123757
806912,605,1333,394,0.028955078125,3930,-0.006397212523734197,0.5263909101486206,0.7401165962219238,-2.2044031471014023,0.0003,0.0040133633,0.2,0.7233600616455078,2.0295574314892293
808960,606,1333,395,0.04814453125,3940,-0.002980142380692996,0.29414018988609314,0.7362730503082275,-2.2007872611284256,0.0003,0.008195888,0.2,0.6633234620094299,1.5855896197259427
811008,608,1333,396,0.04404296875,3950,-0.006343801040202379,0.29448163509368896,0.735285758972168,-2.1938497364521026,0.0003,0.007023028,0.2,0.8271895051002502,1.258307185024023
813056,609,1333,397,0.067138671875,3960,-0.006644552818033844,0.38718464970588684,0.7365096211433411,-2.1926792442798613,0.0003,0.007467384,0.2,0.799669086933136,1.2852167956531049
815104,611,1333,398,0.073779296875,3970,-0.004712796481908299,0.3313260078430176,0.7431443333625793,-2.202467453479767,0.0003,0.00830975,0.2,0.6704788208007812,0.9186282075941563
817152,612,1333,399,0.086669921875,3980,-0.010189750208519399,0.9330283999443054,0.7427430152893066,-2.211629754304886,0.0003,0.00727159,0.2,0.514167070388794,2.9921530932188034
819200,614,1333,400,0.059375,3990,-0.005527452961541712,0.12079637497663498,0.739448070526123,-2.2059568583965303,0.0003,0.0063490635,0.2,0.8254275321960449,0.7051787443459034
821248,615,1333,401,0.062939453125,4000,-0.0046859727997798474,0.6242905855178833,0.7362964153289795,-2.1955864459276198,0.0003,0.0063074413,0.2,0.7144151926040649,2.985974670946598
823296,617,1333,402,0.061279296875,4010,-0.005152499629184603,1.3064227104187012,0.7390028238296509,-2.1953203439712525,0.0003,0.0070413835,0.2,0.7923526763916016,2.1968992233276365
825344,618,1333,403,0.043115234375,4020,-0.005307669870671816,0.45278656482696533,0.7374277114868164,-2.197769770026207,0.0003,0.005508491,0.2,0.41362279653549194,1.3305771574378014
827392,620,1333,404,0.036767578125,4030,-0.0034272423072252423,1.8501108884811401,0.7377101182937622,-2.1938720256090165,0.0003,0.004857489,0.2,0.5893935561180115,3.638469523191452
829440,622,1333,405,0.07021484375,4040,-0.006520212997565977,0.5748493671417236,0.7442920207977295,-2.2017319202423096,0.0003,0.0045569283,0.2,0.7185426950454712,1.9480548389256
831488,623,1333,406,0.04033203125,4050,-0.007101690582931042,0.3156624436378479,0.7446801066398621,-2.2144223719835283,0.0003,0.0070557287,0.2,0.7557287216186523,1.0318549066781997
833536,625,1333,407,0.090576171875,4060,-0.007594329511630349,0.5352856516838074,0.7461866736412048,-2.2173430621623993,0.0003,0.008643424,0.2,0.5931683778762817,1.399622305855155
835584,626,1333,408,0.06259765625,4070,-0.0066693936940282585,0.0793900340795517,0.7397017478942871,-2.217181700468063,0.0003,0.0061039673,0.2,0.7819294333457947,0.2718105386942625
837632,628,1333,409,0.105322265625,4080,-0.006823646937846206,0.19845283031463623,0.7396627068519592,-2.2062902837991714,0.0003,0.009095383,0.2,0.6752570867538452,1.286705370619893
839680,629,1333,410,0.0501953125,4090,-0.00797250349423848,0.547167181968689,0.7416501045227051,-2.2078712791204453,0.0003,0.00616573,0.2,0.7335797548294067,1.8589438684284687
841728,631,1333,411,0.033203125,4100,-0.0056768527429085225,0.3258250057697296,0.7423288822174072,-2.2130202770233156,0.0003,0.0038929477,0.2,0.7094861268997192,1.4961559250950813
843776,632,1333,412,0.0447265625,4110,-0.006264081483823247,0.25636813044548035,0.74031001329422,-2.2120047599077224,0.0003,0.0041339183,0.2,0.739962100982666,1.471204722672701
845824,634,1333,413,0.05263671875,4120,-0.004035106825176627,0.12720000743865967,0.7396167516708374,-2.2094414979219437,0.0003,0.005301988,0.2,0.6767265796661377,0.8718783935531974
847872,635,1333,414,0.06669921875,4130,-0.0072008031129371375,1.134353518486023,0.7403472661972046,-2.2123591542243957,0.0003,0.0056366194,0.2,0.5801777839660645,2.7711173832416534
849920,637,1333,415,0.03837890625,4140,-0.004351713850337546,0.34997668862342834,0.7378541827201843,-2.2111979603767393,0.0003,0.0049882364,0.2,0.6056152582168579,1.4504228956997394
851968,638,1333,416,0.0732421875,4150,-0.007989222489413805,0.6047242879867554,0.7358160614967346,-2.20349283516407,0.0003,0.006978388,0.2,0.6586648225784302,1.4671504404395819
854016,640,1333,417,0.03798828125,4160,-0.004299696502857842,0.791349470615387,0.7344040274620056,-2.2002825170755385,0.0003,0.0060125245,0.2,0.6710792779922485,3.496724879741669
856064,641,1333,418,0.075537109375,4170,-0.007752929267007857,0.576711118221283,0.731667160987854,-2.1942866444587708,0.0003,0.006353096,0.2,0.6979246735572815,1.8175402499735356
858112,643,1333,419,0.04580078125,4180,-0.004990408406592905,0.6027606725692749,0.7277624011039734,-2.186066946387291,0.0003,0.004989883,0.2,0.5519182682037354,1.93642540499568
860160,645,1333,420,0.05029296875,4190,-0.005460109244449995,1.6648932695388794,0.7284409403800964,-2.179324445128441,0.0003,0.00546713,0.2,0.6347240209579468,5.254294750094414
862208,646,1333,421,0.062060546875,4200,-0.005033419810933993,0.20796586573123932,0.7307828664779663,-2.184203878045082,0.0003,0.0072875656,0.2,0.7865445017814636,0.7443944536149502
864256,648,1333,422,0.0857421875,4210,-0.00994931542663835,0.067768894135952,0.7353160977363586,-2.193169581890106,0.0003,0.008268361,0.2,0.8432210683822632,0.26084029730409386
866304,649,1333,423,0.0947265625,4220,-0.011345017928397283,0.061975233256816864,0.7308109998703003,-2.193630024790764,0.0003,0.012808189,0.2,0.8492019176483154,0.24375491682440042
868352,651,1333,424,0.05625,4230,-0.004253935258020647,0.10987675935029984,0.7382798194885254,-2.193161728978157,0.0003,0.004863198,0.2,0.5486418604850769,0.9083617893978954
870400,652,1333,425,0.06826171875,4240,-0.006780787673778832,1.0956283807754517,0.7411553859710693,-2.2111829251050947,0.0003,0.006648196,0.2,0.5272877812385559,4.381907597184181
872448,654,1333,426,0.047314453125,4250,-0.005136607005260885,2.0040507316589355,0.7408470511436462,-2.214384850859642,0.0003,0.0062282803,0.2,0.4533592462539673,5.40016248524189
874496,655,1333,427,0.02646484375,4260,-0.005202414444647729,0.27727654576301575,0.7409864664077759,-2.214487764239311,0.0003,0.004858348,0.2,0.6506828665733337,1.9250233620405197
876544,657,1333,428,0.041015625,4270,-0.004155148501740769,2.34423565864563,0.7408277988433838,-2.2146164000034334,0.0003,0.006460781,0.2,0.4818328022956848,4.562775358557701
878592,658,1333,429,0.02177734375,4280,-0.00519903618551325,1.6009293794631958,0.7432348132133484,-2.2185991257429123,0.0003,0.0038285614,0.2,0.5633620023727417,3.7907813474535943
880640,660,1333,430,0.078857421875,4290,-0.005521184916142374,0.2924269735813141,0.7392562627792358,-2.2189944237470627,0.0003,0.0077242944,0.2,0.5881386399269104,2.097693284600973
882688,661,1333,431,0.039990234375,4300,-0.004938507577753626,1.18366539478302,0.7368282079696655,-2.208429768681526,0.0003,0.005550123,0.2,0.6844973564147949,2.5019946172833443
884736,663,1333,432,0.021484375,4310,-0.003337736308458261,0.16499002277851105,0.737001895904541,-2.2037181526422502,0.0003,0.004680622,0.2,0.8227338194847107,1.1030789598822595
886784,665,1333,433,0.031103515625,4320,-0.003766794252442196,0.45549842715263367,0.7315956354141235,-2.199533498287201,0.0003,0.005113871,0.2,0.8191342353820801,1.1782590858638287
888832,666,1333,434,0.048828125,4330,-0.0055559708212967965,0.4847267270088196,0.7308226227760315,-2.188056951761246,0.0003,0.008227294,0.2,0.4945082664489746,2.1644164681434632
890880,668,1333,435,0.046240234375,4340,-0.006948847083549481,0.7801052331924438,0.7342563271522522,-2.18978930413723,0.0003,0.0059061907,0.2,0.6434664726257324,1.7729042675346136
892928,669,1333,436,0.04990234375,4350,-0.006765198428183794,0.5231510996818542,0.7361804246902466,-2.199127396941185,0.0003,0.0066258153,0.2,0.6035698652267456,3.4197994858026504
894976,671,1333,437,0.04638671875,4360,-0.002639746369095519,0.46477222442626953,0.7346935272216797,-2.2003784477710724,0.0003,0.0070083127,0.2,0.7381305694580078,1.3215567033737898
897024,672,1333,438,0.039208984375,4370,-0.005144677218049764,0.41053158044815063,0.7300328016281128,-2.192447528243065,0.0003,0.005985193,0.2,0.8535260558128357,1.9141455240547658
899072,674,1333,439,0.05302734375,4380,-0.006043672634405084,0.7328444123268127,0.7314999103546143,-2.185903325676918,0.0003,0.007520434,0.2,0.8629440069198608,3.382680557668209
901120,675,1333,440,0.0248046875,4390,-0.004717484989669174,3.320524215698242,0.7319871187210083,-2.1908522635698318,0.0003,0.0043076137,0.2,0.6979562044143677,8.560193967819213
903168,677,1333,441,0.04541015625,4400,-0.00538992794463411,0.2137172371149063,0.7249571084976196,-2.185734909772873,0.0003,0.0058399746,0.2,0.41050589084625244,0.8247561536729335
905216,678,1333,442,0.054931640625,4410,-0.00682030270982068,2.4482927322387695,0.7246659994125366,-2.1709400922060014,0.0003,0.006598716,0.2,0.759260892868042,4.641945201158523
907264,680,1333,443,0.067041015625,4420,-0.006372009319602512,1.2477967739105225,0.7229148745536804,-2.170949137210846,0.0003,0.009209715,0.2,0.7886059284210205,1.8982006795704365
909312,681,1333,444,0.046923828125,4430,-0.006192536314483732,0.526018500328064,0.7236349582672119,-2.166853865981102,0.0003,0.005134873,0.2,0.6336880922317505,2.027924016863108
911360,683,1333,445,0.06494140625,4440,-0.0069313351908931505,0.14519456028938293,0.7193143367767334,-2.164072427153587,0.0003,0.005049076,0.2,0.8118606209754944,0.7783550690859556
913408,685,1333,446,0.030078125,4450,-0.004915949486894533,0.4213479161262512,0.7193806171417236,-2.156421661376953,0.0003,0.0050822916,0.2,0.8365671634674072,1.5567631848156451
915456,686,1333,447,0.02978515625,4460,-0.004822512870305218,0.6209158897399902,0.7187741994857788,-2.1556878685951233,0.0003,0.0043873675,0.2,0.8121020793914795,1.9915072314441205
917504,688,1333,448,0.029638671875,4470,-0.006246445263968781,0.39837557077407837,0.7173337936401367,-2.152228119969368,0.0003,0.0048793517,0.2,0.852449357509613,1.9537866123020649
919552,689,1333,449,0.028857421875,4480,-0.005558363115414977,0.647558867931366,0.7135971784591675,-2.1471707701683043,0.0003,0.005416036,0.2,0.853932797908783,1.6701858393847941
921600,691,1333,450,0.030078125,4490,-0.003215657512191683,0.4076518416404724,0.7118149995803833,-2.137573739886284,0.0003,0.0054088077,0.2,0.7149172425270081,1.5684451527893544
923648,692,1333,451,0.041015625,4500,-0.006040915453922935,0.3925060033798218,0.7143559455871582,-2.138460782170296,0.0003,0.005495894,0.2,0.8159925937652588,2.3712629213929177
925696,694,1333,452,0.055810546875,4510,-0.005046404522727243,0.19327738881111145,0.7187674045562744,-2.149008259177208,0.0003,0.0071394993,0.2,0.7904039621353149,1.1838049486279487
927744,695,1333,453,0.057958984375,4520,-0.004135855942149646,0.9164952039718628,0.7179641127586365,-2.1548414438962937,0.0003,0.0064600958,0.2,0.5682457089424133,3.4072128772735595
929792,697,1333,454,0.084326171875,4530,-0.006980281881988048,0.0777093693614006,0.7139255404472351,-2.1489420205354692,0.0003,0.007993946,0.2,0.8370683789253235,0.3296845040284097
931840,699,1333,455,0.08603515625,4540,-0.007088606493198313,0.12606170773506165,0.7105661034584045,-2.1393161743879316,0.0003,0.009381775,0.2,0.7433955073356628,0.5596151173114776
933888,700,1333,456,0.04365234375,4550,-0.004331448586890474,1.0231304168701172,0.7070931792259216,-2.1286237478256225,0.0003,0.0049378723,0.2,0.5932733416557312,3.2462552726268767
935936,702,1332,457,0.03994140625,4560,-0.007649855315685272,0.40911218523979187,0.707408607006073,-2.124428316950798,0.0003,0.005276723,0.2,0.64998459815979,2.0919075287878512
937984,703,1333,458,0.058837890625,4570,-0.0040110303874826055,0.4146554470062256,0.7032040357589722,-2.1214549213647844,0.0003,0.0073635527,0.2,0.8569284081459045,1.2354026068001986
940032,705,1333,459,0.0296875,4580,-0.004553230293095112,0.6509921550750732,0.7005274295806885,-2.1117282450199126,0.0003,0.0043207086,0.2,0.5345178246498108,2.9025734603405
942080,706,1332,460,0.082421875,4590,-0.009712787176249548,0.10357877612113953,0.706066370010376,-2.1152716487646104,0.0003,0.009009088,0.2,0.6245497465133667,0.5295477576553822
944128,708,1332,461,0.0392578125,4600,-0.0038276691280771046,0.33002984523773193,0.7010217905044556,-2.115362083911896,0.0003,0.0039263116,0.2,0.4432191848754883,1.5706467043608427
946176,709,1332,462,0.03330078125,4610,-0.005601301084971056,0.7347973585128784,0.700814962387085,-2.1057698130607605,0.0003,0.004619722,0.2,0.4591006636619568,2.5774136766791345
948224,711,1332,463,0.1158203125,4620,-0.009026752418139949,0.10916517674922943,0.7023995518684387,-2.109967955946922,0.0003,0.0094841635,0.2,0.6389997005462646,0.2707812745124102
950272,712,1332,464,0.075537109375,4630,-0.007468489120947197,0.03562692180275917,0.6995644569396973,-2.107912701368332,0.0003,0.0073971534,0.2,0.9178420305252075,0.13902342598885298
952320,714,1332,465,0.052490234375,4640,-0.005971408894401975,0.14195485413074493,0.6986151933670044,-2.10268856883049,0.0003,0.006060691,0.2,0.8558498620986938,1.0900391381233931
954368,716,1332,466,0.050830078125,4650,-0.005214840045664459,0.07092483341693878,0.6957778930664062,-2.096794420480728,0.0003,0.0071076127,0.2,0.8321783542633057,0.29378343317657707
956416,717,1332,467,0.072216796875,4660,-0.007051771430997178,1.2076135873794556,0.6960316896438599,-2.093128687143326,0.0003,0.0059054093,0.2,0.5274018049240112,3.726685917377472
958464,719,1332,468,0.02646484375,4670,-0.003979104946483858,1.071190357208252,0.7016931772232056,-2.0988861203193663,0.0003,0.004867736,0.2,0.8133240938186646,1.9802693650126457
960512,720,1332,469,0.11083984375,4680,-0.0096232705633156,0.08324526250362396,0.6952674388885498,-2.1020785957574843,0.0003,0.0076590055,0.2,0.9262301921844482,0.4655447922646999
962560,722,1332,470,0.035498046875,4690,-0.006058385226060637,0.3563478887081146,0.6943095326423645,-2.0882351964712145,0.0003,0.006412238,0.2,0.6341142654418945,1.8670651860535146
964608,723,1332,471,0.02060546875,4700,-0.004494454205268994,0.9946631193161011,0.6957625150680542,-2.088184377551079,0.0003,0.0038759299,0.2,0.5091843008995056,3.3210928961634636
966656,725,1332,472,0.064697265625,4710,-0.00878810416907072,0.09810995310544968,0.6923779249191284,-2.0887199372053145,0.0003,0.008389459,0.2,0.8296043872833252,0.4057090336456895
968704,727,1332,473,0.049951171875,4720,-0.006127845263108611,0.31064659357070923,0.6994233131408691,-2.089966207742691,0.0003,0.0054771653,0.2,0.8222928643226624,1.1924158859997989
970752,728,1332,474,0.03740234375,4730,-0.005299938211101108,0.879414975643158,0.7019129991531372,-2.107080063223839,0.0003,0.0051162895,0.2,0.7681388854980469,2.31827899068594
972800,730,1332,475,0.0287109375,4740,-0.003960666470811702,0.24868139624595642,0.7037584781646729,-2.109934464097023,0.0003,0.0044592284,0.2,0.7435240745544434,1.50215344466269
974848,731,1332,476,0.061083984375,4750,-0.005288699257653207,0.8921017050743103,0.7032670974731445,-2.1122515350580215,0.0003,0.0054414254,0.2,0.5824406743049622,2.85763733163476
976896,733,1332,477,0.040380859375,4760,-0.0034613936149980873,0.5858716368675232,0.7027809619903564,-2.1105751425027846,0.0003,0.0045997887,0.2,0.6727140545845032,1.6194075025618075
978944,734,1332,478,0.037939453125,4770,-0.0034093500464223324,0.7567870616912842,0.7004714012145996,-2.1060390323400497,0.0003,0.0069086226,0.2,0.6910578608512878,1.3523239374160767
980992,736,1332,479,0.0515625,4780,-0.00586969219148159,0.8142664432525635,0.6982895135879517,-2.0992202550172805,0.0003,0.0061319564,0.2,0.5891197919845581,3.0786524206399917
983040,737,1332,480,0.03173828125,4790,-0.005232645786600187,0.6684808731079102,0.6985428929328918,-2.0970815241336824,0.0003,0.0058793095,0.2,0.8679022789001465,1.7635411076247691
985088,739,1332,481,0.056689453125,4800,-0.00638351003290154,1.0371372699737549,0.6962040662765503,-2.0960406720638276,0.0003,0.007302025,0.2,0.49825620651245117,2.43100468441844
987136,740,1332,482,0.070751953125,4810,-0.006196020456263796,0.3447244465351105,0.6907559633255005,-2.0858722567558288,0.0003,0.008126024,0.2,0.7559882402420044,1.0541632670909167
989184,742,1332,483,0.050634765625,4820,-0.005840191873721779,0.0262681245803833,0.6877999305725098,-2.073579692840576,0.0003,0.0061292686,0.2,0.847595751285553,0.7448268091306091
991232,743,1332,484,0.057763671875,4830,-0.0060313293157378215,0.5352925658226013,0.6868126392364502,-2.0678369611501695,0.0003,0.0077379243,0.2,0.7211909890174866,1.8479880306869745
993280,745,1332,485,0.06640625,4840,-0.0033688743045786397,0.5570853352546692,0.6877439022064209,-2.0682406276464462,0.0003,0.005988557,0.2,0.23727256059646606,2.2640782579779626
995328,747,1332,486,0.04365234375,4850,-0.003819831321015954,0.2844095826148987,0.6866410374641418,-2.0699343353509905,0.0003,0.0047094105,0.2,0.6536078453063965,0.9789153771474958
997376,748,1332,487,0.055615234375,4860,-0.005603284132666886,0.17201150953769684,0.6863945722579956,-2.0687885612249373,0.0003,0.009503804,0.2,0.613574206829071,0.5475894447416068
999424,750,1332,488,0.056103515625,4870,-0.0018680823792237788,1.3758574724197388,0.6858438849449158,-2.065169596672058,0.0003,0.0050246073,0.2,0.5664212107658386,3.5593334302306174
1001472,751,1332,489,0.054296875,4880,-0.006187776947626844,0.20491808652877808,0.6873319149017334,-2.0665394097566603,0.0003,0.007669079,0.2,0.8503718376159668,0.6057896191254258
